restaurantid,restaurantName,phonenumber,address,distance,restauranttype
411243,1919,(795) 605-6859,"1919 FLEET ST Baltimore, MD",3.14,Fast Food
717866,SAUTE,(629) 828-3610,"2844 HUDSON ST Baltimore, MD",0.49,Family Style
311287,#1 CHINESE KITCHEN,(597) 940-1831,"3998 ROLAND AVE Baltimore, MD",3.38,Family Style
179347,#1 chinese restaurant,(215) 215-0960,"2481 frederick ave Baltimore, MD",1.61,Fine Dining
621147,19TH HOLE,(325) 992-0373,"2722 HARFORD RD Baltimore, MD",2.68,Fast Food
300396,3 KINGS,(725) 731-1516,"2510 MCELDERRY ST Baltimore, MD",3.48,Family Style
678333,"3 MILES HOUSE, INC.",(601) 377-0888,"2701 MILES AVE Baltimore, MD",2.97,Fine Dining
337007,3 W'S TAVERN,(382) 837-6466,"2518 MONUMENT ST Baltimore, MD",3.48,Fast Casual
667063,300 SOUTH ANN STREET,(724) 212-0225,"300 ANN ST Baltimore, MD",0.58,Fine Dining
957825,438 CLUB,(890) 481-6908,"1600 HAZEL ST Baltimore, MD",2.15,Fast Casual
878802,5-MILE HOUSE,(286) 842-1069,"5302 REISTERSTOWN RD Baltimore, MD",0.36,Fast Casual
884710,"743 S. MONTFORD,INC.",(459) 909-8076,"743 MONTFORD ST Baltimore, MD",3.58,Fine Dining
177685,A & W RESTAURANT,(676) 583-5917,"5625 O DONNELL ST Baltimore, MD",2.87,Fast Casual
464712,A TASTE OF CHINA,(847) 498-6423,"219 BALTIMORE ST Baltimore, MD",2.39,Fast Food
575868,ABACROMBIE FINE FOODS,(702) 506-6930,"58 BIDDLE STREET Baltimore, MD",1.76,Fast Casual
103559,ABC SUSHI,(891) 474-0635,"2003 MONUMENT ST Baltimore, MD",3.84,Fine Dining
328917,ACROPOLIS RESTAURANT,(929) 610-2067,"4718 EASTERN AVE Baltimore, MD",3.97,Fast Food
193013,ADMIRAL FELL INN,(524) 909-1094,"818 BROADWAY Baltimore, MD",0.9,Fast Food
697615,AG & HARP'S,(857) 331-1121,"2522 WASHINGTON BLVD Baltimore, MD",0.72,Family Style
635814,"AIRPORT BAR & GRILL, INC.",(679) 693-1905,"6500 RIVERVIEW AVE Baltimore, MD",2.47,Family Style
455631,AKBAR RESTAURANT,(563) 763-9498,"823 CHARLES ST Baltimore, MD",3.45,Cafe or Bistro
807307,"AKDEY SUBWAY, INC.",(386) 565-2586,"2407 FREDERICK AVE Baltimore, MD",1.25,Fine Dining
362858,ALDO'S RESTAURANT,(308) 996-3510,"306 HIGH ST Baltimore, MD",0.14,Fast Food
175142,ALE MARY'S,(711) 295-3190,"1939 FLEET ST Baltimore, MD",1.47,Fine Dining
802375,ALEXANDER'S TAVERN,(515) 527-1037,"710 BROADWAY Baltimore, MD",2.6,Family Style
501755,ALFEO'S,(908) 928-4119,"2401 LIBERTY HEIGHTS AVE Baltimore, MD",3.1,Cafe or Bistro
321384,AL-HO CLUB,(835) 506-8752,"2105 FREDERICK AVE Baltimore, MD",1.1,Cafe or Bistro
752153,BAY ATLANTIC CLUB,(790) 503-8437,"206 REDWOOD ST Baltimore, MD",1.64,Fine Dining
473763,BAY CAFE,(914) 417-3884,"2809 BOSTON ST Baltimore, MD",3.96,Fast Food
687487,BEACH BUMS CAF,(903) 765-7044,"1038 LIGHT ST Baltimore, MD",1,Fast Casual
459053,BECKER'S TAVERN,(751) 482-9189,"3820 PRATT ST Baltimore, MD",3.81,Fine Dining
972211,BEDROCK,(314) 556-5570,"401 BALTIMORE ST Baltimore, MD",3.87,Cafe or Bistro
631644,BEDROCK (KITCHEN AREA),(605) 530-9856,"401 BALTIMORE ST Baltimore, MD",3.22,Fine Dining
417992,BELAIR PUB,(665) 205-6900,"5860 BELAIR RD Baltimore, MD",3.1,Fast Casual
999596,BELT STREET PUB,(722) 956-8059,"1747 BELT ST Baltimore, MD",2.55,Fast Food
446245,BELVEDERE TOWERS CAF,(969) 663-9505,"1190 NORTHERN PKWY Baltimore, MD",2.48,Fine Dining
681845,"BERGER'S TAVERN, INCORPORATED",(265) 302-2778,"5523 BELAIR RD Baltimore, MD",1.16,Cafe or Bistro
629924,BERMUDA BAR,(494) 457-9045,"1801 NORTH AVE Baltimore, MD",2.32,Fast Food
599565,BERTHA'S RESTAURANT,(959) 926-4533,"734 BROADWAY Baltimore, MD",0.77,Fast Food
418031,BERT'S EATS & DRINKS (3103-05),(655) 810-9537,"3105 ST PAUL ST Baltimore, MD",0.57,Fast Food
231530,BEST WESTERN TRAVEL PLAZA,(320) 422-6550,"5625 O DONNELL ST Baltimore, MD",1.41,Fast Food
439521,BIG APPLE TREE CAF,(310) 457-2552,"300 BALTIMORE ST Baltimore, MD",3.94,Fast Food
864862,BIG BAD WOLF'S HOUSE OF BARBEQUE,(963) 719-7771,"5713 HARFORD RD Baltimore, MD",0.31,Fast Food
426729,BIG KAHUNA CANTINA,(717) 469-0771,"301 LIGHT ST Baltimore, MD",2.68,Fast Food
345715,BIG TEE'S BAR & GRILL,(675) 436-4970,"300 OLDHAM ST Baltimore, MD",0.48,Fast Casual
467010,BILL'S 60'S & 70'S CLUB,(682) 947-6148,"1000 LOMBARD ST Baltimore, MD",3.63,Fast Casual
490715,BILL'S CAFE,(253) 483-9505,"6701 HOLABIRD AVE Baltimore, MD",3.78,Cafe or Bistro
938489,BILL'S LIGHTHOUSE INN,(938) 315-5804,"1741 LIGHT ST Baltimore, MD",1.18,Fast Food
321168,BILTMORE SUITES HOTEL,(433) 502-6257,"205 MADISON ST Baltimore, MD",0.12,Fast Casual
290156,BIRCHES RESTAURANT,(999) 755-1993,"641 MONTFORD AVE Baltimore, MD",2.19,Fast Food
204493,BIRDS OF A FEATHER,(579) 355-1279,"1712 ALICEANNA ST Baltimore, MD",1.89,Fast Casual
771825,"BLACKTIE SERVICE, LLP",(763) 520-8507,"4700 MT HOPE DR Baltimore, MD",2.84,Family Style
605422,BLACKTIE SERVICES,(259) 277-8663,"3725 MALDEN AVE Baltimore, MD",3.86,Fast Casual
911761,BLARNEY STONE INN,(999) 633-6637,"3915 HANOVER ST Baltimore, MD",2.83,Fast Food
602594,BLARNEY STONE PUB,(247) 441-3794,"704 BROADWAY Baltimore, MD",2.12,Fast Food
954595,BLEACHERS,(589) 357-5707,"2501 FLEET ST Baltimore, MD",0.51,Fast Food
976390,ALLEN RESTAURANT,(712) 851-9219,"5621 BELAIR RD Baltimore, MD",1.77,Fine Dining
413245,ALOHA TOKYO,(519) 681-6997,"1120 FORT AVE Baltimore, MD",1.8,Family Style
778246,ALONSO'S RESTAURANT & COCKTAIL LOUNGE,(605) 603-4918,"415 COLD SPRING LN Baltimore, MD",3.37,Family Style
801426,AMBASSADOR DINNING ROOM,(620) 985-8885,"3811 CANTERBURY RD Baltimore, MD",3.95,Cafe or Bistro
172423,AMBROSIA'S,(893) 552-1789,"1810 CHERRY HILL RD Baltimore, MD",2.93,Fast Food
434043,AMERICAN FOOD SERVICE,(945) 322-9156,"901 PRATT ST Baltimore, MD",1.25,Fine Dining
449827,AMERICAN LEGION FEDERAL POST #19,(481) 800-4229,"1502 MADISON AVE Baltimore, MD",0.6,Fast Casual
484026,AMERICAN LEGION POST #187,(298) 631-2139,"1527 CHERRY ST Baltimore, MD",1.35,Cafe or Bistro
910709,AMERICAN LEIGON FORT MCHENRY POST #133,(213) 978-6295,"506 FORT AVE Baltimore, MD",0.46,Family Style
489650,AMIGO'S BAR,(585) 530-8334,"400 EATON ST Baltimore, MD",1.87,Fast Food
790855,ANGELINA'S,(569) 945-1437,"7135 HARFORD RD Baltimore, MD",2.26,Family Style
593976,ANGELO'S RESTAURANT & CARRYOUT,(995) 878-0134,"3600 KESWICK RD Baltimore, MD",2.61,Fast Food
390214,ANGELS ROCK BAR,(861) 886-6326,"10 MARKET PLACE Baltimore, MD",3.01,Family Style
175084,ANGLE INN,(990) 945-1679,"5805 O Donnell ST Baltimore, MD",2.18,Fast Casual
178013,ANNABEL LEE TAVERN,(639) 832-1751,"601 CLINTON ST Baltimore, MD",0.21,Cafe or Bistro
225909,ANNS AT LEXINGTON PLACE,(556) 262-4773,"631 LEXINGTON ST Baltimore, MD",2.01,Family Style
497127,APPLEBEE'S NEIGHBORHOOD GRILL & BAR,(433) 287-6177,"6798 REISTERSTOWN RD Baltimore, MD",2.2,Fast Casual
470380,aramark at citi bank baltimore,(417) 690-8144,"300 st paul pl Baltimore, MD",0.95,Fast Food
242491,ARAMARK FHC SPORTS (MAIN KITCHEN),(675) 837-1622,"1101 RUSSELL ST Baltimore, MD",2.71,Fast Food
830128,ARAMARK FHC SPORTS (BAR 200-201),(718) 786-5006,"1101 RUSSELL ST Baltimore, MD",2.7,Cafe or Bistro
764210,ARAMARK FHC SPORTS (BAR 210),(624) 919-1595,"1101 RUSSELL ST Baltimore, MD",3.21,Family Style
318199,ARAMARK FHC SPORTS (BAR 217),(565) 552-9904,"1101 RUSSELL ST Baltimore, MD",2.95,Cafe or Bistro
954749,ARAMARK FHC SPORTS (BAR 221),(463) 588-9601,"1101 RUSSELL ST Baltimore, MD",1.16,Fast Casual
140623,ARAMARK FHC SPORTS (BAR 232),(785) 881-6600,"1101 RUSSELL ST Baltimore, MD",2.15,Fast Food
367094,ARAMARK FHC SPORTS (BAR 236),(751) 561-3935,"1101 RUSSELL ST Baltimore, MD",3.03,Fast Food
640090,ARAMARK FHC SPORTS (BAR 244),(495) 631-9436,"1101 RUSSELL ST Baltimore, MD",0.16,Fine Dining
781514,ARAMARK FHC SPORTS (BAR 252-253),(215) 764-0504,"1101 RUSSELL ST Baltimore, MD",3.9,Fast Food
286749,ARAMARK/PNC,(322) 545-8769,"Hopkins Pl Baltimore, MD",0.69,Fast Casual
420025,ARA-MONUMENTAL LIFE INSURANCE COMPANY,(344) 835-6507,"2 CHASE ST Baltimore, MD",0.31,Family Style
433657,ARCH SOCIAL CLUB,(599) 554-3005,"2426 PENNSYLVANIA Baltimore, MD",0.87,Fast Food
801989,ARCOS,(921) 515-4230,"129 BROADWAY Baltimore, MD",1.88,Family Style
742833,ARIZONA BAR & GRILL,(363) 455-1106,"25 BROADWAY Baltimore, MD",3.65,Family Style
703269,ASAHI SUSHI,(375) 927-6952,"629 BROADWAY Baltimore, MD",0.64,Cafe or Bistro
620653,asian taste,(471) 836-4157,"916 36th st Baltimore, MD",2.55,Fast Food
838567,ATWATER'S,(245) 413-0086,"529 BELVEDERE AVE Baltimore, MD",0.42,Family Style
241167,AU BON PAIN,(478) 691-5510,"1 SOUTH ST Baltimore, MD",3,Fast Food
590509,AUSTIN GRILL,(757) 963-8900,"2400 BOSTON ST Baltimore, MD",2.12,Fast Casual
978476,AUSTIN GRILL,(333) 308-4136,"2400 BOSTON ST Baltimore, MD",3.09,Family Style
841460,AVENUE BAR & LIQUOR,(916) 916-1441,"1238 GREENMOUNT AVE Baltimore, MD",0.86,Fine Dining
246088,azteca de oro,(478) 910-3526,"4901 eastern ave Baltimore, MD",3.92,Cafe or Bistro
885743,B,(588) 820-7379,"1501 bolton ST Baltimore, MD",2.35,Fast Food
767709,B & J RESTAURANT,(916) 242-9158,"2251 WILKENS AVE Baltimore, MD",2.55,Fine Dining
822832,B & O CAFE,(910) 891-7396,"1301 PRATT ST Baltimore, MD",2.1,Fast Food
667650,B G'S,(428) 958-4119,"301 PAYSON ST Baltimore, MD",1.86,Cafe or Bistro
782355,"B.G.'S,PUB INCORPORATED",(975) 820-1658,"619 OLDHAM ST Baltimore, MD",3.24,Cafe or Bistro
365731,babalu grill,(651) 221-4264,"34 MARKET PL Baltimore, MD",0.83,Fast Casual
280683,BACKSTRETCH SALOON,(214) 302-4004,"1301 OLD COLDSPRING Ln Baltimore, MD",2.21,Fast Food
554595,BAJA BEACH CLUB (COMBINED WITH BAR-L),(899) 995-1830,"55 MARKET PL Baltimore, MD",1.61,Fast Food
496708,BALTIMORE BEVERAGE CO. LLC,(652) 678-4612,"20 BALTIMORE ST Baltimore, MD",2.39,Fast Casual
200199,BALTIMORE BEVERAGE CO. -STARBUCKS,(911) 960-1066,"20 BALTIMORE ST Baltimore, MD",3.11,Fast Food
817897,BALTIMORE COUNTRY CLUB,(949) 592-0724,"4712 CLUB RD Baltimore, MD",0.82,Fine Dining
426859,BALTIMORE DELIGHT RESTAURANT,(518) 589-6236,"4713 EASTERN AVENUE Baltimore, MD",0.73,Fine Dining
266170,"BALTIMORE EAGLE, INC.",(816) 700-0383,"2022 CHARLES ST Baltimore, MD",0.85,Fast Casual
306715,BALTIMORE ESTONIAN SOCIETY,(376) 692-7790,"1932 BELAIR RD Baltimore, MD",0.22,Fast Casual
262541,BALTIMORE MARRIOTT WATERFRONT/EMPLOYEE CAFETERIA,(976) 382-1382,"700 ALICEANNA ST Baltimore, MD",1.05,Family Style
164628,BALTIMORE MARRIOTT WATERFRONT/GRILLE 700 RESTAURAN,(283) 913-5380,"700 ALICEANNA ST Baltimore, MD",1.26,Fast Food
988493,BALTIMORE MARRIOTT WATERFRONT/KOZMOS BAR,(285) 471-1984,"700 ALICEANNA ST Baltimore, MD",3.53,Family Style
961868,BALTIMORE MARRIOTT WATERFRONT/RIGANOS DELI,(623) 539-8583,"700 ALICEANNA ST Baltimore, MD",3.52,Fast Food
851290,BALTIMORE MARRIOTT-INNER HARBOR/EMP. CAFETERIA,(886) 273-0506,"110 EUTAW ST Baltimore, MD",3.76,Fine Dining
773681,BALTIMORE MARRIOTT-INNER HARBOR/REST/BAR,(207) 205-4486,"110 EUTAW ST Baltimore, MD",1.25,Fast Food
155062,BALTIMORE PHO,(908) 731-8096,"1114 16 HOLLINS ST Baltimore, MD",3.4,Fine Dining
698769,BALTMORE KICKERS,(234) 685-4103,"26 BROADWAY Baltimore, MD",0.58,Fast Casual
501954,BANJARA,(297) 280-6065,"1015 CHARLES ST Baltimore, MD",3.54,Fast Food
369191,BANTHAI,(536) 764-4103,"340 CHARLES ST Baltimore, MD",3.03,Fine Dining
438073,BARISTA ESPRESSO CAF,(645) 878-4941,"500 HARBORVIEW DR Baltimore, MD",0.13,Fast Casual
263059,BARNES & NOBLE BOOKSELLERS,(420) 420-6714,"601 PRATT ST Baltimore, MD",0.53,Fine Dining
825195,BARTENDERS,(624) 567-6712,"2218 BOSTON ST Baltimore, MD",1.13,Fast Food
874049,BLU BAMBU-FRESH AISIAN EATS,(506) 542-7654,"621 PRATT ST Baltimore, MD",1.46,Fast Food
183923,BLUE AGAVE RESTAURANT AND TEQUILERIA,(723) 592-3296,"1032 LIGHT ST Baltimore, MD",0.27,Fast Casual
953599,BLUE CRAB EXPRESS & CAF INC.,(890) 436-1417,"1020 PATAPSCO AVE Baltimore, MD",1.62,Cafe or Bistro
905585,blue island malaysian cuisine,(593) 964-0037,"400 lexington st Baltimore, MD",1.32,Fast Food
605112,BLUE JEAN CAFE,(913) 914-1620,"6422 HOLABIRD AVE Baltimore, MD",1.74,Fine Dining
315283,BLUE MOON DINING HOUSE & EXPRESSO BAR,(280) 924-5738,"1621 ALICEANNA ST Baltimore, MD",0.74,Fast Food
106761,BLUE PARROT,(466) 215-8298,"5860 BELAIR RD Baltimore, MD",1.52,Fast Food
305563,BLUE POINT CRAB HOUSE (seasonal),(342) 762-0612,"237 MONTFORD AVE Baltimore, MD",0.8,Fine Dining
875157,BLUE SEA GRILL,(446) 940-5893,"614 WATER ST Baltimore, MD",2.57,Fast Food
733144,BLUE SKY RESTAURANT,(204) 952-7356,"237 PARK AVE Baltimore, MD",1.05,Fine Dining
499048,BLUEHOUSE,(248) 284-0782,"1407 FLEET ST Baltimore, MD",2.49,Fast Casual
644299,BO BROOKS,(663) 965-2751,"2701 BOSTON ST Baltimore, MD",3.29,Fast Food
296218,BOB CUMMINGS PLACE,(435) 232-1864,"148 EAST AVE Baltimore, MD",1.87,Fast Casual
576743,BOB DELI,(578) 327-5510,"333 CASSELL DR Baltimore, MD",3.03,Fast Casual
129450,BOB'S BAR,(204) 339-4767,"1173 WASHINGTON BLVD Baltimore, MD",0.55,Fast Food
875792,BOB'S OLDIE'S CAF,(546) 329-2826,"4017 19 EASTERN AVE Baltimore, MD",3.12,Cafe or Bistro
295290,BOCCACCIO,(768) 352-6418,"925 EASTERN AVE Baltimore, MD",1.11,Fast Food
720606,BOP BRICK OVEN PIZZA,(372) 446-3663,"800 BROADWAY Baltimore, MD",0.1,Fast Food
196463,BOUILLABAISSE CAF,(630) 977-6376,"316 PARK AVE Baltimore, MD",0.5,Fast Food
460355,BOULDER GARDEN CAFE,(392) 622-2503,"4501 CHARLES ST Baltimore, MD",1.76,Cafe or Bistro
418299,BRASS MONKEY SALOON,(548) 947-3629,"1601 EASTERN AVE Baltimore, MD",0.14,Fast Casual
271077,BRASSERIE TATIN,(336) 314-4065,"105 39TH ST Baltimore, MD",2.26,Fast Food
712500,BREEZE INC.,(588) 647-9981,"850 36TH ST Baltimore, MD",1.69,Fast Food
701724,"BRENDAL, INC.",(738) 690-3821,"201 FORT AVE Baltimore, MD",2.1,Fast Casual
223965,BREWER'S HILL PUB & GRILL,(421) 582-3214,"3734 FLEET ST Baltimore, MD",2.25,Fast Food
386497,BREWSTER'S TAVERN,(397) 420-9188,"2201 GOUGH ST Baltimore, MD",1.52,Cafe or Bistro
501823,BROADWAY DINER,(329) 685-4151,"6501 EASTERN AVE Baltimore, MD",2.56,Family Style
709591,BROOKEY'S,(239) 760-1269,"4201 BELAIR RD Baltimore, MD",2.24,Fine Dining
868495,BROOKLYN BOOSTER CLUB,(769) 299-7545,"646 PATAPSCO AVE Baltimore, MD",3.33,Fine Dining
836194,"BROOKLYN INN, LLC",(819) 691-1735,"705 PATAPSCO Baltimore, MD",3.35,Cafe or Bistro
201781,BROOKLYN PLEASURE CLUB,(931) 670-5682,"430 PATAPSCO AVE Baltimore, MD",3.2,Fast Food
383626,"BROTHERS PLACE, INC.",(595) 870-1707,"1846 PRATT ST Baltimore, MD",1,Cafe or Bistro
399207,"BRUCE MCKELDIN CONSULTING, LLC",(645) 936-1438,"702 BROADWAY Baltimore, MD",1.76,Fine Dining
706450,BUD PAOLINO'S RESTAURANT,(322) 683-2504,"3919 LOMBARD ST Baltimore, MD",3.37,Fast Food
316146,BUFFALO WINGGS AND BEER,(839) 972-2949,"7653 HARFORD RD Baltimore, MD",3.05,Fast Food
725764,BULL ROBINSON LIQUORS (AKA 2736 GREENMOUNT AV,(859) 730-9571,"454 WHITERIDGE AVE Baltimore, MD",2.38,Fast Casual
739222,BULLSEYE BAR & GRILLE,(498) 915-4265,"7653 HARFORD RD Baltimore, MD",2.53,Fast Food
616099,BURGER KING,(397) 208-7522,"1735 WASHINGTON BLVD Baltimore, MD",2.8,Family Style
387891,BURGER KING,(913) 269-2419,"2033 EASTERN AVE Baltimore, MD",0.86,Fast Food
644869,BURGER KING,(578) 473-1509,"4100 PULASKI HWY Baltimore, MD",1.65,Family Style
427683,BURGER KING,(936) 794-6838,"8 FAYETTE ST Baltimore, MD",1.62,Cafe or Bistro
785995,BURGER KING # 10293,(359) 525-9101,"1201 NORTH AVE Baltimore, MD",3.68,Fast Food
758153,BURGER KING # 13360,(971) 510-0116,"555 29TH ST Baltimore, MD",3.77,Cafe or Bistro
886100,BURGER KING #10294,(288) 421-2994,"1241 ORLEANS ST Baltimore, MD",2.19,Cafe or Bistro
314529,BURGER KING #10295,(314) 657-4918,"4400 REISTERSTOWN RD Baltimore, MD",2,Family Style
261744,BURGER KING #1950,(241) 935-1234,"1437 PATAPSCO AVE Baltimore, MD",2.02,Fine Dining
552919,BURGER KING #2610,(597) 610-3963,"2401 LIBERTY HEIGHTS AVE Baltimore, MD",2.4,Fine Dining
244673,"BURKE'S CAFE, INCORPORATED",(609) 295-0878,"36 LIGHT ST Baltimore, MD",1.97,Fast Casual
711319,BURKE'S CAF/ COMEDY FACTORY,(978) 961-8447,"36 LIGHT ST Baltimore, MD",3.54,Fast Casual
648071,BUSTER'S PUB,(240) 315-1974,"3208 LOMBARD ST Baltimore, MD",3.13,Cafe or Bistro
862166,"BUTTS & BETTY'S TAVERN, INC.",(532) 491-7385,"2200 GOUGH ST Baltimore, MD",2.07,Fast Food
872609,B-WATCH,(949) 511-0107,"2000 EASTERN AVE Baltimore, MD",0.87,Cafe or Bistro
318622,BYZANTIO CAF,(986) 475-2814,"4618 EASTERN AVE Baltimore, MD",2.21,Family Style
272437,CAF AZAFRAN,(922) 240-5898,"3700 SAN MARTIN DR Baltimore, MD",1.35,Fast Casual
501841,CAF EXPRESS,(201) 495-5205,"36 CHARLES ST Baltimore, MD",1.7,Fast Food
815872,CAF GIA,(865) 645-0594,"410 HIGH ST Baltimore, MD",2.27,Fast Casual
278338,CAF GOURMET,(871) 275-4606,"1 CHARLES ST Baltimore, MD",2.4,Cafe or Bistro
888448,CAFE' INTERNATIONALE,(248) 569-1075,"401 PRATT ST Baltimore, MD",3.55,Fine Dining
684978,CAF LATTE 'DA,(200) 860-8270,"1704 ALICEANNA ST Baltimore, MD",2.02,Fine Dining
117194,CAFE MANET,(299) 995-6369,"1020 CHARLES ST Baltimore, MD",0.84,Fine Dining
597237,"CAF ON THE SQUARE, LLC",(423) 954-2790,"11 PACA ST Baltimore, MD",2.19,Fast Food
992027,CAF SUSSIE'S,(344) 389-9144,"203 NORTH AVE Baltimore, MD",1.56,Cafe or Bistro
540434,CAFE ZEN,(724) 618-6599,"438 BELVEDERE AVE Baltimore, MD",2.84,Fine Dining
862769,CALIFORNIA PIZZA KITCHEN,(487) 747-0715,"201 PRATT ST Baltimore, MD",0.42,Fast Food
568984,CAMDEN PUB,(405) 469-2561,"647 PRATT ST Baltimore, MD",3.14,Family Style
569756,CAMERON'S SEAFOOD,(894) 802-6907,"2707 COLD SPRING LN Baltimore, MD",1.05,Fine Dining
692211,CANTINA LAS AMERICAS/LA RUMBA,(279) 986-3069,"1650 54 E PRATT ST Baltimore, MD",2.31,Fast Food
864297,CANTON COVE,(940) 599-1600,"901 CLINTON ST Baltimore, MD",2.86,Fast Food
993172,CANTON STATION,(664) 815-2893,"1028 CONKLING ST Baltimore, MD",3.53,Family Style
800790,CANTON'S PEARLS,(480) 271-0830,"3301 BOSTON ST Baltimore, MD",2.85,Fast Food
147992,CANTON'S PORTSIDE TAVERN,(888) 696-4308,"2821 O DONNELL ST Baltimore, MD",0.8,Family Style
304359,CAPTAIN LARRY'S,(644) 435-0074,"601 FORT AVE Baltimore, MD",2.78,Fast Casual
980334,caribbean paradise,(200) 623-3062,"1818 charles ST Baltimore, MD",2.2,Cafe or Bistro
140437,CARIBOU COFFEE,(476) 330-2920,"1 CHARLES ST Baltimore, MD",0.58,Family Style
976068,CARL REFEERS BAR & GRILL,(781) 514-6429,"707 BROADWAY Baltimore, MD",2.71,Fast Food
861569,CARLOS O'CHARLIES,(421) 714-8889,"3508 EASTERN AVE Baltimore, MD",3.56,Cafe or Bistro
778043,CARL'S LITTLE HOUSE,(385) 821-9942,"1171 HAMBURG ST Baltimore, MD",0.56,Fast Food
859534,CARLYLE CLUB,(904) 728-0351,"500 UNIVERSITY PKWY Baltimore, MD",2.16,Family Style
475982,CAROLINAS TEX- MEX RESTAURANT,(666) 423-2738,"1704 GOUGH ST Baltimore, MD",2.21,Cafe or Bistro
100338,CAROLINA'S TEX-MEX RESTURANT,(505) 543-0021,"505 BROADWAY Baltimore, MD",0.29,Fast Casual
575005,CARROLL STATION,(433) 673-3899,"1415 WASHINGTON BLVD Baltimore, MD",1.22,Family Style
888939,CARROLL STATION,(575) 843-1774,"1415 19 WASHINGTON BLVD Baltimore, MD",3.26,Fine Dining
349033,CASSANOVIA,(705) 723-2941,"2700 PENNSYLVANIA AVE Baltimore, MD",2.07,Family Style
406839,CASTAWAY'S BAR & GRILL,(886) 856-4176,"2206 BOSTON ST Baltimore, MD",2.71,Fast Food
632696,CATALINA RESTAURANT,(968) 598-5105,"500 HARBOR VIEW DR Baltimore, MD",1.52,Fast Food
842902,CATCH 22 SALOON,(653) 467-6688,"6000 EASTERN AVE Baltimore, MD",0.98,Fast Food
354135,CATON HOUSE RESTAURANT,(649) 354-6993,"1506 CATON AVE Baltimore, MD",3.69,Fast Casual
831834,CATTLE & FIN GRILL,(681) 497-9706,"6826 HARFORD RD Baltimore, MD",1.33,Cafe or Bistro
981436,CAZBAR,(485) 457-2790,"316 CHARLES ST Baltimore, MD",0.78,Fast Food
484896,CC LOUNGE,(298) 231-7324,"4923 REISTERSTOWN RD Baltimore, MD",0.8,Fast Food
970570,CEASAR'S DEN,(960) 875-1574,"223 HIGH ST Baltimore, MD",0.44,Fast Food
247322,CEDONIA INN,(750) 306-5946,"5900 MORAVIA RD Baltimore, MD",2.52,Fast Food
337432,"CENTER CLUB, INCORPORATED",(613) 732-1998,"100 LIGHT ST Baltimore, MD",1.72,Fine Dining
916995,CENTER STAGE,(989) 672-6554,"700 CALVERT ST Baltimore, MD",0.71,Fast Casual
210920,CENTRAL STATION,(693) 751-1313,"1001 CHARLES ST Baltimore, MD",2.22,Fast Food
889038,CERIELLO FINE FOODS,(771) 781-9956,"529 BELVEDERE AVE Baltimore, MD",1.68,Fine Dining
559084,CHAMPAGNE TONY'S,(965) 455-8522,"1 CHASE ST Baltimore, MD",1.65,Fast Casual
138687,"CHARLES & MADISON, LLC",(543) 802-7128,"801 CHARLES ST Baltimore, MD",2.2,Fast Casual
861004,CHARLES RESTAURANT & CARRYOUT,(577) 702-9556,"38 25TH ST Baltimore, MD",2.29,Fast Food
453785,CHARLES ST DELI,(303) 777-5783,"2 charles st Baltimore, MD",2.5,Fast Food
624356,CHARLES VILLAGE PUB,(587) 449-9298,"3107 ST PAUL ST Baltimore, MD",3.7,Fast Food
982397,CHARLESTON,(307) 442-8553,"1000 LANCASTER ST Baltimore, MD",0.24,Cafe or Bistro
667165,CHARLIE & DEE RESTAURANT,(253) 737-3856,"1539 BUSH ST Baltimore, MD",0.59,Fast Food
156647,CHARLOTTE'S,(371) 965-6983,"1542 LIGHT ST Baltimore, MD",2.48,Cafe or Bistro
706953,CHARM CITY INN,(579) 732-4507,"500 LEHIGH ST Baltimore, MD",0.18,Fast Food
835088,CHAZZ & REN'E,(992) 573-0117,"800 KENWOOD AVE Baltimore, MD",0.52,Family Style
598164,CHEERLEADERS,(497) 902-5484,"702 BROADWAY Baltimore, MD",2.63,Family Style
142195,CHEERLEADERS SPORTS BAR,(999) 363-3746,"702 BROADWAY ST Baltimore, MD",1.23,Fast Food
381316,CHEF PAOLINO,(865) 385-3058,"100 CHARLES ST Baltimore, MD",3.37,Cafe or Bistro
837753,CHESAPEAKE BAY RESTAURANT,(706) 570-2538,"10 ART MUSEUM DR Baltimore, MD",1.83,Cafe or Bistro
633308,CHESAPEAKE WINE COMPANY,(975) 652-9330,"2400 BOSTON ST Baltimore, MD",2.28,Fast Food
998943,CHIAPPARELLI'S RESTAURANT,(319) 924-8777,"237 HIGH ST Baltimore, MD",0.77,Fast Food
713439,CHIC & TROUT (1007-09),(322) 364-1873,"1007 GREENMOUNT AVE Baltimore, MD",2.46,Family Style
526063,CHICKEN RICO,(707) 269-0432,"3728 EASTERN AVE Baltimore, MD",1.78,Fine Dining
490652,CHIMES CAF,(662) 661-1640,"4814 SETON DR Baltimore, MD",0.3,Fast Food
353076,CHINA CHEF,(796) 497-1788,"3816 LOMBARD ST Baltimore, MD",3.17,Fast Food
325928,CHINA EAST,(598) 995-3891,"6230 EASTERN AVE Baltimore, MD",1.03,Family Style
797855,CHINA EUTAW EXPRESS,(682) 233-3846,"236 238 N EUTAW ST Baltimore, MD",3.08,Fast Food
836236,CHINA GARDEN,(603) 861-2960,"582 OLD TOWN MALL Baltimore, MD",0.41,Family Style
626642,CHINA WOK,(992) 474-8009,"5820 HILLEN RD Baltimore, MD",1.4,Fast Casual
402795,CHINATOWN CAF,(838) 768-0159,"323 PARK AVE Baltimore, MD",2.32,Cafe or Bistro
924702,CHINESE DELIGHT,(582) 826-6243,"4032 FALLS RD Baltimore, MD",3.19,Family Style
834599,CHIPOTLE,(563) 763-9378,"621 PRATT ST Baltimore, MD",1.97,Fast Food
886768,CHIPOTLE MEXICAN GRILL,(964) 597-9428,"3201 ST PAUL ST Baltimore, MD",1.18,Cafe or Bistro
218787,CHIU'S SUSHI JAPANESE RESTAURANT,(823) 688-3264,"608 EXETER ST Baltimore, MD",1.49,Fast Food
138337,CHIYO SUSHI,(200) 259-0455,"1619 SULGRAVE AVE Baltimore, MD",3.16,Family Style
578747,CHOCOLATEA,(947) 979-0113,"3811 CANTERBURY RD Baltimore, MD",0.14,Cafe or Bistro
101004,CHOPPER'S TAVERN,(250) 853-2382,"1531 PENNSYLVANIA AVE Baltimore, MD",0.72,Fast Casual
898395,CHOW MEIN CHARLIES chinese food,(710) 534-7758,"508 COLD SPRING LN Baltimore, MD",2.29,Family Style
247871,CHRIS LIQUOR & GRILL,(683) 688-2693,"1273 washington blvd Baltimore, MD",2.5,Fine Dining
270798,CHUBBIES CLUB,(493) 362-9073,"2000 EASTERN AVE Baltimore, MD",3.7,Family Style
310918,CHUCK'S,(505) 836-3909,"3137 EASTERN AVE Baltimore, MD",0.24,Fast Food
196166,CHUNG MEE RESTAURANT,(896) 976-2563,"5646 THE Baltimore, MD",0.59,Fast Food
281157,CIAO BELLA RESTAURANT,(340) 847-9907,"236 HIGH ST Baltimore, MD",2.48,Fast Food
329799,CINCO DE MAYO,(460) 809-1953,"1312 EASTERN AVE Baltimore, MD",0.18,Fast Casual
177893,CINGHIALE,(440) 690-1346,"822 LANCASTER ST Baltimore, MD",0.52,Cafe or Bistro
603325,CIRCUS BAR & RESTAURANT,(424) 552-6834,"427 BALTIMORE ST Baltimore, MD",2.63,Fast Food
886721,CITY LIMITS SPORTS BAR,(623) 352-2802,"1700 FORT AVE Baltimore, MD",1.23,Fast Food
902588,claddagh pub,(695) 734-1435,"2918 O DONNELL ST Baltimore, MD",3.37,Fast Food
266340,CLASSIC CAFE EXPRESS,(550) 638-5098,"1515 CHARLES ST Baltimore, MD",1.83,Fast Food
839486,CLAYTON FINE BOOKS & CAF,(884) 465-5426,"317 CHARLES ST Baltimore, MD",2.28,Fine Dining
627406,CLIFTON PARK GOLF COURSE SNACK BAR,(414) 322-8189,"2701 ST LO DR Baltimore, MD",0.77,Fast Casual
166554,CLIPPER MILL INN,(846) 419-4901,"1619 UNION AVE Baltimore, MD",2.46,Fast Food
373497,CLUB 1722,(542) 677-7479,"1722 CHARLES ST Baltimore, MD",1.78,Fine Dining
570290,CLUB BAR,(271) 403-5689,"1609 LAURENS ST Baltimore, MD",0.3,Fast Casual
537430,CLUB BUNNS (606-08),(685) 669-7475,"606 LEXINGTON ST Baltimore, MD",3.17,Fast Casual
440203,club charles zodiac (1724-1726 n. charles st),(550) 341-7251,"1724 CHARLES ST Baltimore, MD",1.03,Fast Food
602736,CLUB CHOICES,(826) 301-6545,"1817 CHARLES ST Baltimore, MD",3.08,Fast Food
378326,CLUB CLIMAX,(586) 602-2406,"2432 BALTIMORE ST Baltimore, MD",0.41,Fast Food
392414,CLUB CONFETTI,(593) 709-7451,"1609 BANK ST Baltimore, MD",1.4,Cafe or Bistro
704357,CLUB HAREM,(475) 331-3773,"425 BALTIMORE ST Baltimore, MD",2.32,Fast Food
867147,CLUB HOUSE BAR & GRILL,(300) 414-5505,"4217 ERDMAN AVE Baltimore, MD",4.06,Cafe or Bistro
106437,CLUB HUSH,(772) 695-3061,"1930 LOMBARD ST Baltimore, MD",1.04,Fast Food
218659,CLUB INTERNATIONAL,(461) 500-9846,"2301 BALTIMORE ST Baltimore, MD",3.38,Family Style
132565,CLUB LUZERENE,(785) 405-6148,"542 LUZERNE AVE Baltimore, MD",0.91,Family Style
269918,CLUB MATE,(886) 696-8771,"3610 HANOVER ST Baltimore, MD",1.56,Fast Food
392717,CLUB MIAMI,(277) 455-0721,"414 BALTIMORE ST Baltimore, MD",1.31,Cafe or Bistro
984498,CLUB MITCHELL,(967) 373-2149,"1003 PRATT ST Baltimore, MD",2.71,Cafe or Bistro
447895,CLUB OKAPI,(337) 725-9029,"2219 PRATT ST Baltimore, MD",1.37,Fast Food
906822,CLUB ONE,(469) 816-9495,"300 SARATOGA ST Baltimore, MD",2.05,Fast Food
268408,CLUB PHOENIX,(603) 978-8985,"1 BIDDLE ST Baltimore, MD",3.1,Fast Casual
804034,CLUB PUSSYCAT,(345) 532-6389,"411 BALTIMORE ST Baltimore, MD",3.54,Cafe or Bistro
826276,CLUB RIO & TOUCH OF CLASS,(461) 484-7194,"1315 Bloomingdale Dr Baltimore, MD",2.2,Fast Food
848971,CLUBHOUSE BAR,(608) 284-2487,"1812 PRATT ST Baltimore, MD",2.56,Fast Food
485785,CLUBHOUSE BAR & GRILL,(956) 759-7911,"4217 ERDMAN AVE Baltimore, MD",2.69,Fast Food
254640,COACH HOUSE INN,(458) 674-1523,"6605 BELAIR RD Baltimore, MD",0.68,Fast Food
207898,COCKY LOU'S,(364) 428-3178,"2101 NORTH AVE Baltimore, MD",2.34,Fine Dining
164316,COCO MOKA CAF,(294) 495-3265,"921 FORT AVE Baltimore, MD",3.06,Fast Casual
685108,COCONUT CAF,(293) 485-1247,"311 MADISON ST Baltimore, MD",3.75,Fast Food
340085,COFFEE LAND,(551) 764-1465,"222 CHARLES ST Baltimore, MD",2.21,Fine Dining
485858,COLD STONE CREAMERY #1479,(799) 391-3961,"2500 BOSTON ST Baltimore, MD",1.37,Fast Casual
372526,COLD STONE CREAMERY# 102,(560) 372-6887,"2500 BOSTON ST Baltimore, MD",3.31,Fast Casual
432965,COLLINS CORNER,(646) 597-5305,"2231 CEDLEY ST Baltimore, MD",1.05,Fast Food
485002,COLONIAL INN,(221) 360-9659,"2001 EASTERN AVE Baltimore, MD",0.35,Fast Food
187996,COMMON GROUND,(403) 546-3757,"819 36TH ST Baltimore, MD",3.56,Fast Food
169154,COOKIE'S CITY LINE DINER,(940) 967-4161,"6407 FORT SMALLWOOD RD Baltimore, MD",3.31,Cafe or Bistro
890432,COOPER'S LIQUOR (568-570),(456) 917-2228,"568 OLD TOWN MALL Baltimore, MD",0.55,Fast Food
189832,COPRA,(348) 866-8960,"313 CHARLES ST Baltimore, MD",2.22,Cafe or Bistro
387492,CORKS,(513) 925-2582,"1026 CHARLES ST Baltimore, MD",1.27,Fast Food
389033,CORKY'S GRILL,(919) 509-1671,"225 23RD ST Baltimore, MD",0.69,Family Style
693750,CORRADO'S CAF,(572) 322-4900,"203 REDWOOD ST Baltimore, MD",1.26,Family Style
872620,"COSI, INC. # 157",(895) 820-7085,"100 CHARLES ST Baltimore, MD",0.75,Fast Food
490617,COSMOPOLITAN BAR & GRILL,(330) 425-2519,"2933 O DONNELL ST Baltimore, MD",2.27,Cafe or Bistro
807149,COSMOS RESTAURANT-CARRYOUT (5427-29),(246) 859-2861,"5427 HARFORD RD Baltimore, MD",1.21,Cafe or Bistro
831381,COTTON CLUB,(683) 728-2703,"2000 HARLEM AVE Baltimore, MD",1.74,Fast Food
573549,courthouse east caf‚',(469) 792-3308,"111 calvert st Baltimore, MD",2.99,Fast Food
512586,COURTYARD BY MARRIOTT & COURTYARD CAFE & LOUNGE,(941) 930-7579,"1000 ALICEANNA ST Baltimore, MD",1.87,Family Style
579935,crazy johns,(341) 920-3058,"410 BALTIMORE ST Baltimore, MD",0.2,Fine Dining
571875,CRAZY LIL'S,(332) 503-9266,"27 CROSS ST Baltimore, MD",3.87,Fast Food
991976,CREATIVE ALLIANCE,(635) 262-9023,"3134 EASTERN AVE Baltimore, MD",2.04,Fast Food
708540,CREPE DU JOUR,(302) 644-5149,"1609 SULGRAVE AVE Baltimore, MD",0.12,Family Style
662152,CROSSROADS SPORTS PUB & GRILL,(271) 982-0166,"3328 FOSTER AVE Baltimore, MD",0.73,Fast Food
805069,CURB SHOPPE,(792) 768-6091,"5736 FALLS RD Baltimore, MD",0.22,Family Style
158944,CURLEY ST. CAF,(530) 652-8008,"701 CURLEY ST Baltimore, MD",1.84,Fast Casual
446961,CURTIS BAY ATHLETIC CLUB,(841) 932-3197,"1603 CEDDOX ST Baltimore, MD",1.46,Cafe or Bistro
454360,D J'S GASLIGHT,(329) 650-1064,"4900 CURTIS AVE Baltimore, MD",3.83,Family Style
699984,DAILY GRIND COFFEE HOUSE,(330) 280-2232,"720 RUTLAND AVE Baltimore, MD",2.58,Fast Food
597207,DAILY GRIND,(875) 788-6252,"1030 LINWOOD AVE Baltimore, MD",3.21,Cafe or Bistro
259220,DAILY GRIND,(967) 957-8061,"610 WASHINGTON ST Baltimore, MD",1.75,Fast Food
847916,dalesio's of little italy llc,(982) 419-8239,"829 EASTERN AVE Baltimore, MD",3.48,Family Style
221263,DANCING PIGS,(548) 953-1943,"1140 PACA ST Baltimore, MD",3.86,Cafe or Bistro
161782,DANNY'S LOUNGE,(991) 240-1376,"4316 REISTERSTOWN RD Baltimore, MD",2.12,Fast Casual
115302,DARBY'S,(761) 979-3709,"2351 WASHINGTON BLVD Baltimore, MD",2.92,Family Style
181063,DARKER THAN BLUE,(342) 221-1445,"3034 GREENMOUNT AVE Baltimore, MD",2.51,Fine Dining
343855,DASH SEAFOOD & CHICKEN,(752) 233-4700,"5124 PARK HEIGHTS AVE Baltimore, MD",3.2,Family Style
798807,DAVEY JONES LOCKER,(806) 481-5964,"800 DEAN ST Baltimore, MD",3.55,Fast Food
383862,DAVID & DAD'S LLC,(681) 787-9899,"334 CHARLES ST Baltimore, MD",1.72,Fast Food
486971,DAVID'S RESTAURANT & DELI,(528) 397-2278,"3626-A FALLS RD Baltimore, MD",2.31,Fast Food
541867,DAYS INNS MANAGEMENT CO,(689) 979-9714,"100 HOPKINS PLZ Baltimore, MD",1.22,Fast Casual
295019,DEAD END SALOON,(868) 464-4795,"935 FELL ST Baltimore, MD",2.35,Cafe or Bistro
767366,DEAD FREDDIES,(554) 816-2710,"7209 HARFORD RD Baltimore, MD",1.62,Fast Food
859966,DECADES SPORTS BAR,(922) 314-1864,"4221 CURTIS AVE Baltimore, MD",2.13,Fast Food
304672,DECKERS BAR & GRILLE,(857) 617-0712,"1401 DECATUR ST Baltimore, MD",2.02,Fast Food
246981,DEEP SIDE RESTAURANT & CAF,(771) 751-0618,"123 CLINTON ST Baltimore, MD",2.53,Fast Food
113174,DEGO DAME'S,(804) 814-3441,"1018 EASTERN AVE Baltimore, MD",3.49,Fine Dining
757882,DELLA ROSE'S 2 CANTON CROSSING,(281) 621-9603,"1501 CLINTON ST Baltimore, MD",0.34,Fast Casual
165969,DESERT CAFE'(1605-07),(837) 654-7407,"1607 SULGRAVE AVE Baltimore, MD",1.42,Fast Food
396136,DESERT INN,(767) 966-6175,"1901 HARLEM AVE Baltimore, MD",2.34,Fine Dining
596828,DIAMOND LOUNGE (415 1/2 E. BALTIMORE STREET),(876) 392-7732,"415 BALTIMORE ST Baltimore, MD",1.36,Fast Casual
319840,DIANNE'S RESTAURANT LOUNGE,(721) 922-0463,"709 711 N CHESTER ST Baltimore, MD",2.46,Fast Casual
148583,DILONE GROCERY & RESTAURANT,(720) 318-0824,"157 LAKEWOOD AVE Baltimore, MD",1.66,Fast Food
314371,"DIMIS CAF AND GRILL, INC.",(280) 632-6674,"500 COLDSPRING LN Baltimore, MD",2.24,Fast Food
556485,DIMITRI'S TAVERN,(384) 888-9296,"3820 FALLS RD Baltimore, MD",3.81,Fast Food
140199,DING HOW RESTAURANT,(241) 265-2279,"631 BROADWAY Baltimore, MD",0.68,Cafe or Bistro
676295,DIONYSUS RESTAURANT & LOUNGE,(901) 469-2040,"8 PRESTON ST Baltimore, MD",3.09,Fast Food
584011,DIZZY IZZY,(730) 263-1757,"300 30TH ST Baltimore, MD",2.51,Cafe or Bistro
963999,DOMINICANO INTERNACIONAL,(868) 632-4770,"601 CONKLING ST Baltimore, MD",0.12,Fast Food
898843,DOMINO SUGAR CAFATERIA OPERATION # 65227,(629) 606-6540,"1100 KEY HWY Baltimore, MD",1.08,Family Style
445753,DONNA'S,(664) 990-5300,"110 PACA ST Baltimore, MD",2.97,Family Style
248181,DONNA'S,(410) 351-3804,"6607 PINE AVE Baltimore, MD",3.01,Fast Food
849013,DONNA'S,(217) 202-9764,"800 CHARLES ST Baltimore, MD",2.69,Cafe or Bistro
921497,"DONNA'S CHARLES VILLAGE, LLC",(233) 627-3436,"3101 ST PAUL ST Baltimore, MD",3.08,Cafe or Bistro
422375,DONNA'S CROSS KEYS,(844) 573-5544,"5100 FALLS RD Baltimore, MD",0.91,Fast Food
878012,DONRITZ BAR & GRILL,(392) 310-6124,"1508 SARATOGA ST Baltimore, MD",2.9,Fast Food
819138,DOUGHERTY'S,(886) 475-5586,"223 CHASE ST Baltimore, MD",3.05,Family Style
683796,DOWN THE HATCH,(799) 988-3854,"1157 HAUBERT ST Baltimore, MD",0.55,Fine Dining
235155,DOWNTOWN SPORTS EXCHANGE,(367) 900-4705,"200 PRATT ST Baltimore, MD",4.25,Fast Food
213615,"DREAM TAVERN, CARRIBEAN U.S.A.",(611) 912-6333,"2300 LAFAYETTE AVE Baltimore, MD",2.99,Fast Food
752170,DREAMS INN,(725) 753-5725,"527 PATAPSCO AVE Baltimore, MD",3.29,Family Style
115937,DRIFTERS RAW BAR & GRILL,(459) 441-4432,"1024 CHARLES ST Baltimore, MD",4.01,Fast Food
986872,DUCK'S BLACK SATIN LOUNGE,(342) 670-5351,"4559 REISTERSTOWN RD Baltimore, MD",3.82,Family Style
946875,DUCKY PLEASURE CLUB,(886) 938-7166,"900 CLINTON ST Baltimore, MD",0.9,Fast Casual
371545,DUCLAW BREWING COMPANY,(223) 387-0004,"901 BOND ST Baltimore, MD",4.06,Cafe or Bistro
571088,DUDA'S TAVERN,(948) 652-1283,"1600 THAMES ST Baltimore, MD",3.12,Family Style
304378,DUKEM ETHIOPIAN RESTAURANT,(302) 513-9627,"1100 MARYLAND AVE Baltimore, MD",2.83,Fast Food
707298,DUNKIN DONUTS,(529) 411-1607,"1020 41ST ST Baltimore, MD",3.18,Cafe or Bistro
554562,Dunkin Donuts,(454) 430-4962,"4022 pulaski hwy Baltimore, MD",4,Fast Food
393652,DUNKIN DONUTS,(706) 996-0123,"4535 FALLS RD Baltimore, MD",1.01,Family Style
257384,DUNKIN DONUTS,(878) 391-1454,"5422 YORK RD Baltimore, MD",3.31,Cafe or Bistro
481066,DUNKIN DONUTS,(438) 830-8753,"7000 REISTERSTOWN RD Baltimore, MD",3.21,Fast Casual
563563,DUNKIN DONUTS & BASKIN ROBBINS,(516) 231-1269,"5401 HARFORD RD Baltimore, MD",0.14,Family Style
689721,DUNKIN DONUTS/BASKIN ROBBINS,(235) 209-2535,"3600 BOSTON ST Baltimore, MD",3.07,Fine Dining
277071,DUTCH POT CAF,(969) 494-8272,"102 CLAY ST Baltimore, MD",2.76,Family Style
708716,DYNASTY,(603) 808-7554,"406 BALTIMORE ST Baltimore, MD",2.89,Fast Food
765506,E C CAF & CATERING,(667) 709-5105,"5501 HOPKINS BAYVIEW CIR Baltimore, MD",3.42,Fast Food
550405,EAGLE NEST,(547) 432-5438,"4800 CURTIS AVE Baltimore, MD",1.85,Family Style
365291,EAST BALTIMORE ENTERPRISE,(432) 983-0245,"239 GAY ST Baltimore, MD",2.02,Cafe or Bistro
149114,EASTERN HOUSE RESTAURANT,(555) 307-0862,"3706 EASTERN AVE Baltimore, MD",3.19,Fast Food
853289,EASTSIDE SPORTS SOCIAL CLUB,(597) 776-8371,"1203 COLLINGTON AVE Baltimore, MD",1.97,Fine Dining
155330,EAT MUST BE FIRST,(734) 700-1256,"600 lexington st Baltimore, MD",1.18,Fast Casual
444529,ECLECTIC CAF,(421) 615-0913,"723 BROADWAY Baltimore, MD",1.49,Cafe or Bistro
543269,edelweiss bakery & caf‚',(489) 389-7183,"6000 harford rd Baltimore, MD",3.16,Family Style
878080,EDENS LOUNGE,(555) 703-8282,"15 EAGER ST Baltimore, MD",0.14,Fast Food
755952,"EDGAR'S INC.--BALTIMORE, MD",(666) 363-9800,"1 PRATT ST Baltimore, MD",0.72,Family Style
684285,EDIE'S DELI & GRILL,(478) 757-5187,"250 PRATT ST Baltimore, MD",1.51,Fast Food
756156,EDISON LOUNGE,(787) 833-7955,"3133 MONUMENT ST Baltimore, MD",0.81,Family Style
517273,EDO SUSHI,(384) 282-4028,"201 PRATT ST Baltimore, MD",0.51,Fast Casual
473609,EICHENKRANZ RESTAURANT,(536) 789-7790,"611 FAGLEY ST Baltimore, MD",1.05,Cafe or Bistro
163643,EL OSASIS RESTAURANT & DISCOTEC,(249) 961-7570,"3919 EASTERN AVE Baltimore, MD",2.81,Family Style
745601,EL RANCHO BLANCO,(227) 595-3971,"100 FAGLEY ST Baltimore, MD",2.72,Fast Casual
536254,EL RANCHO GRANDE,(309) 257-9033,"3608 FALLS RD Baltimore, MD",0.23,Fast Food
396071,"EL RECODO, INC.",(517) 491-5936,"219 BROADWAY Baltimore, MD",1.43,Fast Food
358001,EL RINCONCITO PERUANO,(514) 318-2527,"1801 LOMBARD ST Baltimore, MD",1.88,Cafe or Bistro
211311,EL TORITO MEXICAN RESTAURANT,(323) 796-5213,"110 MULBERRY ST Baltimore, MD",1.63,Family Style
944648,EL TROPICAL RESTAURANT (3736-38),(337) 864-2119,"3736 LOMBARD ST Baltimore, MD",0.27,Cafe or Bistro
685239,ELDORADO INC.,(567) 397-5412,"4100 LOMBARD ST Baltimore, MD",1.5,Fast Casual
847815,ELKS me.B.P.O.E.OF W.,(218) 693-8062,"1127 GREENMOUNT AVE Baltimore, MD",1.23,Fast Food
316368,ELLIOT'S POUR HOUSE,(667) 676-8013,"3728 HUDSON ST Baltimore, MD",1.76,Fast Food
191693,EL-MOLINO,(206) 512-8559,"3230 FAIRMOUNT ST Baltimore, MD",4.21,Fine Dining
664603,ELVIS RESTAURANT,(468) 862-4418,"1022 LIGHT ST Baltimore, MD",2.27,Fast Food
304809,ENRICO'S SPORTS CAFE,(458) 471-3515,"200 HAVEN ST Baltimore, MD",3.9,Fast Casual
716777,ESPN ZONE,(950) 361-2717,"601 PRATT ST Baltimore, MD",1.03,Family Style
811432,europe restaurant & catering,(298) 302-0233,"4147 labyrinth rd Baltimore, MD",3.8,Fast Food
819599,EVERYDAY'S LLC,(901) 456-9299,"1600 ABBOTTSON ST Baltimore, MD",2.04,Family Style
645422,EXCLUSIVE,(470) 837-8289,"1 CHASE ST Baltimore, MD",4.16,Family Style
377161,family diner,(584) 762-7364,"3117 VERA ST Baltimore, MD",3.14,Cafe or Bistro
297665,FAMOUS RESTAURANT,(595) 648-6270,"2101 MARYLAND AVE Baltimore, MD",4.06,Fast Food
933027,FANTASIES,(559) 942-9155,"5520 PENNINGTON AVE Baltimore, MD",1.04,Family Style
285705,FANTASY CAF,(629) 694-6349,"6640 HOLABIRD AVE Baltimore, MD",3.38,Fast Food
849575,FEDERAL HILL LOUNGE,(430) 835-2372,"23 CROSS ST Baltimore, MD",0.91,Fast Casual
811759,FELL'S POINT CARRYOUT,(458) 613-5719,"1635 FLEET ST Baltimore, MD",1.56,Family Style
684637,FIELDER'S TAVERN,(593) 624-8533,"1184 NANTICOKE ST Baltimore, MD",1.31,Fine Dining
985188,FIELDS OLD TRAIL,(701) 435-6354,"5723 YORK RD Baltimore, MD",2.71,Cafe or Bistro
850726,FIELDS RIB HOUSE,(248) 862-6208,"3308 GARRISON BLVD Baltimore, MD",1.37,Fast Food
282775,FILLIN' STATION,(398) 227-8254,"2501 WASHINGTON BLVD Baltimore, MD",2.05,Fine Dining
723155,FIRESIDE NORTH LIQUORS,(700) 532-7955,"2201 NORTH AVE Baltimore, MD",3.1,Fast Food
525982,FISHERMANS WHARF INNER HARBOR,(895) 246-4352,"219 PRESIDENT ST Baltimore, MD",3.54,Cafe or Bistro
636819,FIVE GUYS @ BREWERS HILL,(659) 215-2442,"3600 BOSTON ST Baltimore, MD",2.2,Cafe or Bistro
186166,FIVE GUYS FAMOUS BURGERS & FRIES,(685) 885-5756,"111 CENTRE ST Baltimore, MD",2.56,Fast Casual
432219,FIVE GUYS FAMOUS BURGERS & FRIES,(962) 820-2688,"201 PRATT ST Baltimore, MD",2.69,Fast Food
470548,FIVE POINT TAVERN,(949) 664-0065,"1800 THAMES ST Baltimore, MD",0.68,Fast Food
895001,FIVE SEASONS,(804) 532-0846,"830 GUILFORD AVE Baltimore, MD",2.34,Fast Casual
981893,FLAMERS BURGER & CHICKEN,(288) 230-3734,"601 CAROLINE ST Baltimore, MD",3.06,Fast Food
116816,FLAMINGO LOUNGE,(631) 397-2895,"403 BALTIMORE ST Baltimore, MD",3.75,Fine Dining
979977,Fleming's Prime Steakhouse and Wine Bar,(942) 724-4115,"720 Aliceanna st Baltimore, MD",2.21,Fine Dining
500382,FLETCHERS,(305) 668-6134,"701 BOND ST Baltimore, MD",1.37,Fast Casual
725198,FLIP'S AT CLIPPER MILL,(273) 659-3249,"1601 UNION AVE Baltimore, MD",3.31,Fast Casual
519280,FOGO DE CHAO,(665) 654-8991,"600 PRATT ST Baltimore, MD",1.05,Family Style
812997,FOODTOPIA,(545) 949-8585,"17 BALTIMORE ST Baltimore, MD",0.35,Fast Food
511048,FORT CHARLES PUB,(679) 640-5575,"1439 CHARLES ST Baltimore, MD",3.56,Family Style
103704,FOUL BALL BAR,(333) 546-3308,"839 CROSS ST Baltimore, MD",3.31,Fast Food
499423,FOUR G'S LIQUOR & LOUNGE,(701) 757-3474,"4701 3 LIBERTY HEIGHTS AVE Baltimore, MD",2.58,Fine Dining
667083,FOXY LADY,(496) 788-5147,"16 CUSTOM HOUSE AVE Baltimore, MD",1.45,Fast Food
823922,FRANKLINTOWN INN,(739) 802-7113,"5200 FRANKLINTOWN RD Baltimore, MD",1.54,Fine Dining
212511,FRANK'S PIZZA,(976) 384-6899,"6620 BELAIR RD Baltimore, MD",1.33,Fast Casual
629777,fraternal order of police baltimore city lodge #3,(938) 817-8122,"3920 buena vista ave Baltimore, MD",1.95,Fast Food
507780,FRAZIER'S ON THE AVENUE,(540) 840-3883,"919 36TH ST Baltimore, MD",1.89,Fine Dining
705597,FRED & MARGIE'S INN,(598) 861-7492,"3605 FAIRHAVEN AVE Baltimore, MD",3.95,Fast Casual
512613,FREDERICK STATION SALOON,(248) 695-7868,"4019 FREDERICK AVE Baltimore, MD",0.55,Fine Dining
380909,FRIENDLY FRIED CHICKEN,(909) 832-6725,"3221 GREENMOUNT AVE Baltimore, MD",2.22,Fast Food
151066,FRIEND'S RESTAURANT AND SPIRITS,(708) 933-8338,"1634 ALICEANNA ST Baltimore, MD",1.27,Fast Food
333195,FULL MOON SALOON,(823) 730-0762,"1710 ALICEANNA ST Baltimore, MD",0.69,Fast Casual
800008,FULTON RESTAURANT,(423) 244-1855,"2733 PENNSLYVANIA AVE Baltimore, MD",1.26,Cafe or Bistro
739717,FULTON RESTAURANT (2201 1/2 FULTON AVENUE),(812) 831-4395,"2201 FULTON Ave Baltimore, MD",0.75,Fast Food
270916,G & A RESTAURANT,(396) 270-4454,"3802 EASTERN AVE Baltimore, MD",2.27,Fine Dining
185048,GAFFNEY'S BACK FIN ( seasonal),(942) 956-0682,"415 HIGHLAND AVE Baltimore, MD",1.21,Fast Food
798907,GALLAGHERS BAR & GRILL (938-940),(309) 360-7062,"938 CONKLING ST Baltimore, MD",1.74,Fast Food
392684,GALLERY,(638) 593-0973,"1735 MARYLAND AVE Baltimore, MD",2.99,Fine Dining
376375,GALLERY CAF,(654) 834-5164,"13 CENTRE ST Baltimore, MD",1.87,Fast Food
354833,GARDEN BEEF & BEER,(497) 976-2721,"4809 ERDMAN AVE Baltimore, MD",0.2,Fine Dining
867998,GARDEN RESTAURANT,(581) 536-6777,"1501 LIGHT ST Baltimore, MD",3.87,Fast Casual
275345,GECKOS,(300) 211-9871,"2318 FLEET ST Baltimore, MD",2.04,Fast Food
380694,GENJI SUSHI EXPRESS (A.K.A. 600 S EXETER ST),(993) 708-8539,"1001 FLEET ST Baltimore, MD",0.12,Fast Casual
601106,"GEN-JOSEPH HALLER POST #95, AMERICAN LEGION, INC.",(809) 928-6738,"1746 FLEET ST Baltimore, MD",0.73,Fast Casual
676970,GENTLEMEN OF CHARISMA,(505) 428-4392,"838 CHESTER ST Baltimore, MD",0.22,Fast Food
145821,GEORGE'S CAFETERIA,(287) 436-8801,"2700 BROENING HWY Baltimore, MD",1.84,Cafe or Bistro
713712,GEORGIO'S,(610) 381-8913,"6322 REISTERSTOWN RD Baltimore, MD",1.46,Fast Food
937789,GERMANIO'S RESTAURANT,(962) 679-5602,"300 HIGH ST Baltimore, MD",3.83,Fast Food
821838,GIBSON'S,(298) 530-8918,"32 CHESTER ST Baltimore, MD",2.58,Fast Food
806632,GILMOR PLEASURE CLUB,(807) 756-1497,"347 GILMOR ST Baltimore, MD",3.21,Cafe or Bistro
255491,GINGER'S,(524) 513-2329,"421 CONKLING ST Baltimore, MD",1.75,Fast Casual
301462,"GLADIATORS ASSOCIATIONS, INC",(819) 663-9052,"1315 MULBERRY ST Baltimore, MD",2.79,Fast Food
282830,GLASS DOOR lounge,(865) 667-4843,"1263 FAYETTE ST Baltimore, MD",4.06,Fast Food
654285,GOLDEN KEY RESTAURANT,(953) 818-7232,"5512 HARFORD RD Baltimore, MD",3.32,Fast Casual
733721,GOLDEN NUGGET,(945) 865-5856,"411 BALTIMORE ST Baltimore, MD",3.24,Fast Food
354992,GOLDEN NUGGET LOUNGE,(532) 515-7023,"411 1 2 E BALTIMORE ST Baltimore, MD",0.86,Cafe or Bistro
674320,"GOLDEN WEST CAF, INC.",(919) 939-2608,"1105 36TH ST Baltimore, MD",3.29,Family Style
515633,GOOD TIMES BAR AND LOUNGE,(543) 665-9511,"1600 BALTIMORE ST Baltimore, MD",0.34,Fine Dining
438081,GORDON'S,(538) 321-9779,"1818 MARYLAND AVE Baltimore, MD",0.9,Fine Dining
880794,GOSSIP BISTRO,(547) 507-4563,"21 CALVERT ST Baltimore, MD",1.35,Cafe or Bistro
572158,GRAND CRU,(401) 598-1713,"527 BELVEDERE AVE Baltimore, MD",1.82,Fast Food
457982,GRANDVIEW RESTAURANT,(555) 405-9659,"3838 ROLAND AVE Baltimore, MD",2.39,Cafe or Bistro
933844,GRANITE,(519) 911-0491,"2903 O DONNELL ST Baltimore, MD",3.37,Fine Dining
217196,GRANT'S 2 SPOT,(677) 582-9420,"2 WHEELER AVE Baltimore, MD",3.64,Fast Food
563970,GREAT TASTE CHINESE RESTAURANT,(880) 939-6082,"3444 WILKENS AVE Baltimore, MD",0.48,Fast Food
862760,GREENE ST CAF,(644) 995-3167,"300 GREENE ST Baltimore, MD",0.62,Fast Casual
942596,GREENHOUSE CAF,(835) 976-2765,"725 WOLFE ST Baltimore, MD",1.69,Fast Food
238808,GREENMOUNT LOUNGE,(704) 433-6135,"1318 GREENMOUNT AVE Baltimore, MD",4.25,Family Style
991781,GRENADIER CLUB,(927) 411-0561,"1226 MC CULLOH ST Baltimore, MD",1.68,Fast Food
554166,GRIFFITH'S,(353) 436-7603,"3631 HICKORY ave Baltimore, MD",2.88,Family Style
970108,GRILL ART,(501) 838-2007,"1011 36TH ST Baltimore, MD",1.65,Cafe or Bistro
203054,GRILLE 601,(750) 486-5818,"601 CAROLINE ST Baltimore, MD",2.95,Fast Food
136456,GROWLERS PUB,(653) 247-4303,"600 POTOMAC ST Baltimore, MD",0.84,Cafe or Bistro
873797,GROWN FOLKS BAR,(834) 761-7224,"3525 HANOVER ST Baltimore, MD",1.59,Cafe or Bistro
391805,GRUMPIE'S,(949) 274-4535,"25 CROSS ST Baltimore, MD",3.67,Family Style
239312,GRUNDY'S,(724) 307-5667,"718 GRUNDY ST Baltimore, MD",0.38,Fine Dining
195394,"GRUNWALD CLUB, INCORPORATED",(862) 647-9726,"2825 O DONNELL ST Baltimore, MD",0.25,Fine Dining
135265,JAUNG KAK RESTURANT(aka 18 W.20TH ST),(202) 771-3502,"18 20th ST Baltimore, MD",3.84,Fast Casual
481940,JAVA JOE'S,(899) 670-1758,"8 BALTIMORE ST Baltimore, MD",1.84,Fast Casual
698698,"JAY & KAY SUBWAY, INC.",(369) 652-3693,"37 25TH ST Baltimore, MD",2.47,Cafe or Bistro
802255,JAY'S ON READ,(780) 533-6213,"225 READ ST Baltimore, MD",1.72,Fast Food
234144,JAY'S WOLFE ST CAF,(778) 619-3077,"610 WOLFE ST Baltimore, MD",0.42,Cafe or Bistro
175181,JAZZY BLUES CLUB,(370) 210-6614,"301 ANN ST Baltimore, MD",3.14,Family Style
763189,"JD's SMOKEHOUSE BAR & GRILL, INC.",(248) 561-8286,"3000 O DONNELL ST Baltimore, MD",4.18,Fast Casual
138920,JEMELLA 'S CUT RATE,(546) 492-5757,"1831 MOSHER ST Baltimore, MD",2.86,Fast Food
922958,JERRY'S BAR,(615) 622-2520,"604 POPLAR GROVE ST Baltimore, MD",2.44,Fast Casual
760583,JEWEL BOX LOUNGE,(317) 859-8633,"419 BALTIMORE ST Baltimore, MD",1.92,Cafe or Bistro
482635,JHJ SALOON,(205) 923-8686,"2036 EASTERN AVE Baltimore, MD",1.97,Fine Dining
168430,JIGGS TAVERN,(834) 395-3344,"737 CARROLL ST Baltimore, MD",3.54,Fine Dining
378128,JIM DANDY'S TAVERN,(874) 596-8293,"4810 CURTIS AVE Baltimore, MD",3.53,Fine Dining
693867,JIMMY'S RESTAURANT,(655) 473-3242,"801 BROADWAY Baltimore, MD",4.06,Fast Food
993642,JIM'S DINER,(643) 977-2269,"4806 HOLABIRD AVE Baltimore, MD",3.26,Cafe or Bistro
751336,JOCKEY CLUB/PALACE KITCHEN,(784) 957-5606,"Hayward Ave Baltimore, MD",3.06,Fine Dining
971822,JOE SQUARED PIZZA AND BAR,(306) 831-5398,"133 NORTH AVE Baltimore, MD",1.61,Fast Food
365509,JOE'S TAVERN,(522) 286-3917,"1006 DUNDALK AVE Baltimore, MD",1.78,Family Style
475731,JOE'S TAVERN,(543) 552-7226,"2709 11 WASHINGTON BLVD Baltimore, MD",0.3,Fine Dining
959846,JOE'S TAVERN & PACKAGE GOODS,(887) 489-7569,"6200 REISTERSTOWN RD Baltimore, MD",2.53,Fast Food
156258,JOHN'S LOUNGE,(213) 350-3597,"1519 RIGGS AVE Baltimore, MD",3.24,Fast Food
108663,JOY DELI,(376) 721-7476,"24 FAYETTE ST Baltimore, MD",0.47,Family Style
761315,JP'S,(316) 903-6711,"528 BOULDIN ST Baltimore, MD",2.22,Fast Food
736186,JR.'S BAR & GRILL,(845) 671-2657,"1229 HULL ST Baltimore, MD",4.02,Family Style
389835,JUNIORS,(635) 684-8410,"1117 CHARLES ST Baltimore, MD",0.5,Fast Casual
535669,K.F.C.,(896) 938-4652,"901 CAROLINE ST Baltimore, MD",3.58,Cafe or Bistro
116226,KABOBBI RESTAURANT,(415) 609-2104,"1616 THAMES ST Baltimore, MD",2.61,Family Style
458676,KALI'S COURT,(653) 682-6119,"1606 THAMES ST Baltimore, MD",4.06,Fast Food
818278,POSITIONS UNLIMITED,(509) 485-5756,"14 CUSTOM HOUSE AVE Baltimore, MD",0.61,Cafe or Bistro
140190,POTBELLY SANDWICH WORK'S,(520) 464-4861,"621 PRATT ST Baltimore, MD",0.17,Fast Food
971187,PRIMO'S,(706) 636-1789,"100 COLDSPRING LN Baltimore, MD",1.07,Family Style
654055,PULASKI FOOD SERVICE,(833) 722-6432,"3505 PULASKI HWY Baltimore, MD",2.24,Cafe or Bistro
593576,PUR LOUNGE,(673) 241-6804,"2322 BOSTON ST Baltimore, MD",1.21,Fast Casual
857473,PURPLE GOOSE,(900) 899-2250,"2623 WASHINGTON BLVD Baltimore, MD",0.26,Family Style
845277,"q s r,inc - Mcdonald's",(202) 719-8248,"1600 argonne dr Baltimore, MD",1.68,Fine Dining
623754,"qsr, inc.- McDonalds",(322) 350-6955,"15 north ave Baltimore, MD",3,Family Style
877213,"QSR, INC. MCDONALD'S)",(301) 729-7120,"4635 HARFORD rd Baltimore, MD",3.56,Fast Food
877924,QUIGLEY 1/2 IRISH PUB,(256) 772-2592,"633 PORTLAND AVE Baltimore, MD",2.11,Fast Food
245771,QUINOS,(934) 922-3432,"1465 KEY HIGHWAY Baltimore, MD",1.95,Fast Food
506715,QUIZINOS OF FALLS road,(279) 947-8779,"100 CHARLES ST Baltimore, MD",2.22,Fast Casual
497424,QUIZNOS,(697) 787-0081,"2837 O DONNELL ST Baltimore, MD",0.82,Cafe or Bistro
178217,QUIZNO'S,(246) 983-9515,"10 CALVERT ST Baltimore, MD",0.71,Fast Food
682227,QUIZNO'S,(606) 441-3605,"201 CHASE ST Baltimore, MD",2.51,Fast Food
716315,QUIZNOS OF FELLS POINT,(962) 920-7018,"716 BROADWAY Baltimore, MD",3.45,Fast Food
375012,QUO VADIS DEMOCRATIC CLUB,(529) 486-3954,"1921 FLEET ST Baltimore, MD",1.77,Fast Food
735214,RA SUSHI,(464) 575-5522,"701 EDEN ST Baltimore, MD",0.73,Fine Dining
909108,RADISSON CROSS KEYS HOTEL,(530) 904-6737,"5050 FALLS RD Baltimore, MD",3.61,Fast Casual
190552,RADISSON HOTEL AT CROSS KEYS,(603) 562-7243,"5102 FALLS RD Baltimore, MD",0.15,Fast Food
174282,RAFTERS,(701) 578-8245,"620 FORT AVE Baltimore, MD",1.61,Fine Dining
819387,RAINBOW HOMESTYLE BUFFET,(325) 407-1637,"5016 SINCLAIR LN Baltimore, MD",0.16,Fast Casual
154306,RAINBOW'S BAR,(933) 432-5110,"1175 SARGEANT ST Baltimore, MD",3.85,Fast Casual
435584,RALLO'S RESTAURANT,(428) 403-0260,"838 FORT Ave Baltimore, MD",0.6,Fast Food
299062,RAMS HEAD TAVERN,(248) 801-0105,"20 MARKET PL Baltimore, MD",2.81,Fast Food
580461,RANDY'S BAR,(216) 249-0646,"2135 NORTH AVE Baltimore, MD",1.63,Fast Food
288557,RAS-A-TER INTERNATIONAL,(564) 697-2699,"2103 NORTH AVE Baltimore, MD",0.27,Cafe or Bistro
777520,RASCALS COMEDY CLUB,(447) 905-6080,"6 MARKET PL Baltimore, MD",1.5,Fast Food
727587,RAVE INN,(555) 211-2628,"4507 PENNINGTON AVE Baltimore, MD",1.23,Cafe or Bistro
546000,RAY LEWIS' FULL MOON B-B-Q,(474) 767-6508,"2400 BOSTON ST Baltimore, MD",1.76,Fast Food
149370,RAY'S TAVERN,(702) 772-5292,"6500 ST HELENA AVE Baltimore, MD",4.21,Family Style
873024,RAYZER'S,(675) 438-8160,"13 RANDALL ST Baltimore, MD",2.27,Family Style
348043,RED DOOR LOUNGE,(389) 746-5261,"1000 PAYSON ST Baltimore, MD",3.9,Fast Food
724860,RED FISH,(586) 906-3742,"845 MONTFORD AVE Baltimore, MD",1.03,Cafe or Bistro
300879,RED FOX LIQUORS,(954) 821-4582,"2733 PENNSYLVANIA AVE Baltimore, MD",3.8,Cafe or Bistro
687798,RED HOUSE TAVERN INC.,(394) 439-3487,"2239 ESSEX ST Baltimore, MD",2.04,Fast Food
716898,RED LYON TAVERN,(933) 284-3340,"501 DECKER AVE Baltimore, MD",4.16,Fast Food
731125,RED MAPLE,(430) 686-6820,"930 CHARLES ST Baltimore, MD",3.14,Family Style
298198,RED ROOSTER,(876) 560-4805,"6412 FRANKFORD AVE Baltimore, MD",4.06,Fine Dining
203974,RED SQUARE RESTAURANT,(452) 465-2592,"1 CHASE ST Baltimore, MD",1.04,Fast Food
469181,REGAN'S TAVERN,(886) 991-4755,"4001 EASTERN AVE Baltimore, MD",3.38,Fast Food
909337,REGI'S BAR & RESTAURANT,(705) 673-8130,"1002 LIGHT ST Baltimore, MD",0.91,Family Style
723919,GUS RESTAURANT (3103-05),(261) 978-2358,"3103 NORTH AVE Baltimore, MD",1.56,Fast Food
107014,GYPSIES,(863) 721-2745,"4020 LOMBARD ST Baltimore, MD",1.31,Family Style
937169,H.I.S. PLACE,(754) 557-8426,"2822 HUDSON ST Baltimore, MD",2.71,Fast Casual
126747,HABENERO GRILL,(243) 956-1610,"4701 EASTERN AVE Baltimore, MD",1.37,Cafe or Bistro
945506,"HAMILTON HOMING PIGEON CLUB, INC.",(330) 469-0246,"4810 GUNTHER AVE Baltimore, MD",2.05,Family Style
277621,HAMPDEN REPUBLICAN CLUB,(326) 775-4376,"3535 CHESTNUT AVE Baltimore, MD",3.1,Fast Food
304665,harbor way inn,(741) 878-5281,"737 pratt st Baltimore, MD",3.54,Cafe or Bistro
774580,HARBORSIDE CHICKEN & SEAFOOD,(490) 697-6381,"600 WOLFE ST Baltimore, MD",2.2,Fast Food
591801,HARD ROCK CAF,(852) 569-0893,"601 PRATT ST Baltimore, MD",2.56,Family Style
583015,HARD ROCK CAF-OUTDOOR PIER,(793) 900-6712,"601 PRATT ST Baltimore, MD",2.69,Cafe or Bistro
768930,HARFORD HOUSE,(452) 927-4722,"7509 HARFORD RD Baltimore, MD",0.68,Fast Casual
601985,"HARFORD ROAD GROUP, LLC",(935) 684-3881,"5516 HARFORD RD Baltimore, MD",2.34,Family Style
415812,HARFORD ROAD LIQUORS,(681) 931-7331,"4627 HARFORD RD Baltimore, MD",3.06,Fine Dining
875433,HARRAR CAF,(842) 371-4963,"821 WASHINGTON BLVD Baltimore, MD",3.75,Family Style
254671,MIDWAY BAR,(704) 647-0961,"421 BALTIMORE ST Baltimore, MD",2.21,Fast Food
124204,MIKE MCGOVERN'S,(285) 840-5617,"1129 CLINTON ST Baltimore, MD",1.37,Fast Food
652072,MIKE'S PLACE,(268) 396-3096,"1102 36TH ST Baltimore, MD",3.31,Fast Food
549997,MILTON AT CHARLES ST,(373) 568-4622,"336 CHARLES ST Baltimore, MD",1.05,Fast Casual
636146,MINATO RESTAURANT,(797) 581-6085,"1013 CHARLES ST Baltimore, MD",0.35,Cafe or Bistro
752161,MINATO/CAFE VIET RESTAURANT,(604) 202-0261,"800 CHARLES ST Baltimore, MD",3.56,Fast Food
974154,MISS SHIRLEY'S CAF,(264) 977-7685,"513 COLDSPRING LN Baltimore, MD",3.31,Fast Food
905862,MOM'S PLACE,(860) 477-5782,"1201 CROSS ST Baltimore, MD",2.58,Fast Food
961000,MONDO BONDO ITALIAN BISTRO,(700) 833-1689,"30 MARKET PL Baltimore, MD",1.45,Fast Food
754382,MONUMENT HOUSE,(257) 436-1283,"2300 MONUMENT ST Baltimore, MD",1.54,Fine Dining
617166,MORGAN STATE-FACULTY,(409) 280-4045,"1700 coldspring ln Baltimore, MD",1.33,Fast Casual
980087,MORTON'S--THE STEAKHOUSE,(438) 624-6272,"300 CHARLES ST Baltimore, MD",1.95,Fast Food
406050,MO'S CRAB & PASTA FACTORY,(504) 480-7447,"502 ALBEMARLE ST Baltimore, MD",1.89,Fine Dining
919509,MOTHER'S FEDERAL HILL GRILL,(463) 697-8307,"1113 CHARLES ST Baltimore, MD",3.95,Fast Casual
791597,"MOUNT VERNON CLUB OF BALTIMORE, INC.",(700) 515-8956,"8 MOUNT VERNON PL Baltimore, MD",0.55,Fast Casual
138106,MOUNT VERNON STABLE & SALOON,(873) 719-4092,"909 CHARLES ST Baltimore, MD",2.22,Fast Food
853582,MOUSE TRAP,(427) 358-0426,"12 CUSTOM HOUSE AVE Baltimore, MD",1.27,Fast Food
219500,MR. C. PLACE,(595) 970-1903,"1001 CAREY ST Baltimore, MD",0.69,Fast Food
695102,MR. JOE'S BAR AND CUT RATE LIQUORS,(860) 288-3365,"1 HIGHLAND AVE Baltimore, MD",1.26,Cafe or Bistro
565844,MT VERNON ENTERTAINMENT LLC,(948) 694-0054,"347 CALVERT ST Baltimore, MD",0.75,Fast Food
318577,MT. PLEASANT INN,(303) 407-3592,"105 CONKLING ST Baltimore, MD",2.27,Cafe or Bistro
179368,MT. ROYAL TAVERN,(279) 707-3646,"1204 MOUNT ROYAL AVE Baltimore, MD",1.21,Fast Food
451091,MT. VERNON HOTEL AND WASHINGTON CAFE',(581) 280-7862,"24 FRANKLIN ST Baltimore, MD",1.74,Family Style
502031,MT. WASHINGTON TAVERN,(892) 715-4099,"5700 NEWBURY ST Baltimore, MD",2.99,Family Style
845244,MUGGSY'S,(491) 971-5119,"1236 LIGHT ST Baltimore, MD",1.87,Fast Food
826261,MUGHAL GARDEN,(766) 834-4306,"918 CHARLES ST Baltimore, MD",0.2,Cafe or Bistro
403372,MUIR'S TAVERN,(236) 630-2611,"36 FORT AVE Baltimore, MD",3.87,Cafe or Bistro
788065,MUM'S,(332) 830-8278,"1132 HANOVER ST Baltimore, MD",2.04,Fast Food
990951,MURPHY'S NEIGHBORHOOD BAR & GRILL,(450) 529-1616,"5847 YORK RD Baltimore, MD",0.12,Fast Food
777112,MUSTANG ALLEY'S,(711) 631-4495,"1300 BANK ST Baltimore, MD",0.73,Fast Casual
605118,MUSTANG INN,(796) 473-9549,"3203 EASTERN AVE Baltimore, MD",0.22,Cafe or Bistro
346185,MVP ENTERTAINMENT LLC CLUB 347-KITCHEN AREA,(768) 522-7207,"347 CALVERT ST Baltimore, MD",1.84,Fast Food
365085,"MY COUSIN'S PLACE, LLC (3925-27)",(797) 875-4579,"3925 LOMBARD ST Baltimore, MD",1.46,Fast Food
441212,MY PANINI,(848) 290-7357,"711 EASTERN AVE Baltimore, MD",3.83,Fast Food
515329,MY THAI RESTAURANT,(969) 980-9292,"800 CHARLES ST Baltimore, MD",2.58,Fast Food
193170,NAK WON RESTAURANT,(787) 465-3348,"12 20TH ST Baltimore, MD",3.21,Fine Dining
961312,NAM KANG KOREAN RESTAURANT (AKA 101 W. 22ND ST.),(229) 737-8745,"2126 MARYLAND AVE Baltimore, MD",1.75,Fast Casual
534162,NASU BLANCA,(579) 221-8154,"1036 FORT AVE Baltimore, MD",2.79,Fast Food
296999,NCDEVINS,(623) 888-0959,"801 DECKER AVE Baltimore, MD",4.06,Fine Dining
627757,NELSON BAKED GOODS & COFFEE SHOP,(538) 443-2639,"531 CHESTER ST Baltimore, MD",3.32,Fast Casual
795408,NEOPOL,(596) 296-0789,"529 BELVEDERE AVE Baltimore, MD",3.24,Fast Casual
984636,network deli,(988) 645-3792,"3600 malden ave Baltimore, MD",0.86,Fast Food
559064,NEVER ON SUNDAY,(599) 242-5217,"829 CHARLES ST Baltimore, MD",3.29,Fast Food
315093,NEVIN'S CROSS STREET STATION,(914) 366-1757,"31 CROSS ST Baltimore, MD",0.34,Fast Food
133692,NEW CLUB THUNDERBIRD INC.,(946) 892-4226,"2201 CHASE ST Baltimore, MD",0.9,Cafe or Bistro
337630,NEW DUFFY' S RESTAURANT,(356) 781-5151,"3436 FREDERICK AVE Baltimore, MD",1.35,Fast Food
709634,NEW EVERGREEN CAF,(554) 733-7357,"6618 C REISTERSTOWN RD Baltimore, MD",1.82,Cafe or Bistro
639841,"NEW HONG KONG RESTAURANT, INC.",(595) 276-7471,"2426 CHARLES ST Baltimore, MD",2.39,Fast Food
519839,NEW JOHNSON'S LOUNGE,(579) 800-8622,"546 PULASKI ST Baltimore, MD",3.37,Cafe or Bistro
615907,"NEW MAY FLOWER BUFFET, INC.",(529) 848-7983,"3326 GREENMOUNT AVE Baltimore, MD",3.64,Fast Food
663306,"NEW MAYFIELD, INC.",(313) 595-4095,"3349 BELAIR RD Baltimore, MD",0.48,Family Style
126499,NEW MOM & DAD LIQUORS,(785) 715-4234,"2143 PENNSYLVANIA AVE Baltimore, MD",0.62,Family Style
173885,NEW NO DO JI RESTAURANT,(398) 883-2895,"2501 CHARLES ST Baltimore, MD",1.69,Fast Food
287105,HARRIS' TAVERN,(720) 686-5929,"2949 FREDERICK AVE Baltimore, MD",4.25,Cafe or Bistro
879711,"HARRY OLIVER MANAGEMENT CO., INC.",(826) 437-3687,"801 ANN ST Baltimore, MD",1.68,Cafe or Bistro
611325,HARRY'S AMERICAN BAR,(707) 478-1856,"623 LUZERNE AVE Baltimore, MD",2.88,Fast Food
904130,HARVEST TABLE,(947) 694-0902,"1000 HULL ST Baltimore, MD",1.65,Fast Food
388934,HAVE A NICE DAY CAF (AKA 2 MARKET PLACE),(433) 392-3652,"34 MARKET PL Baltimore, MD",2.95,Family Style
126647,HAVEN PLACE,(556) 972-8089,"400 HAVEN ST Baltimore, MD",0.84,Fine Dining
895990,hawley's (2616-20),(243) 824-8985,"2616 WASHINGTON blvd Baltimore, MD",1.59,Fast Food
772441,HEATH STREET PUB,(585) 998-7332,"32 HEATH ST Baltimore, MD",3.67,Fast Food
159842,"HEIGHTS LIQUORS, INC.",(240) 959-3927,"5302 PARK HEIGHTS AVE Baltimore, MD",0.38,Family Style
598673,HELEN'S GARDEN CAFE',(979) 452-2801,"2908 O DONNELL ST Baltimore, MD",0.25,Fast Food
926986,HELLAS COFFEE SHOP,(257) 592-7902,"4709 EASTERN AVE Baltimore, MD",3.84,Family Style
645607,HENNINGER'S TAVERN,(671) 211-9057,"1810 BANK ST Baltimore, MD",1.84,Fast Casual
282994,"HIDING SPOT, INC.",(460) 269-9901,"3638 HANOVER ST Baltimore, MD",2.47,Cafe or Bistro
995462,"HIGH GROUNDS COFFEE ROASTERS, LLC",(326) 434-4273,"3201 EASTERN AVE Baltimore, MD",1.72,Family Style
797141,HIGHLAND CLIPPER CLUB,(859) 764-1394,"621 DEAN ST Baltimore, MD",0.42,Fast Food
902554,HILLEN RESTAURANT,(639) 782-5167,"1041 HILLEN ST Baltimore, MD",3.14,Cafe or Bistro
246845,HIPPOPOTAMUS (932-34),(872) 246-4290,"932 CHARLES ST Baltimore, MD",4.18,Fast Food
903241,HOGAN'S ALLEY,(894) 385-0762,"1501 COVINGTON ST Baltimore, MD",2.86,Family Style
672805,HOLIDAY HOUSE,(781) 601-6374,"6427 HARFORD RD Baltimore, MD",2.44,Cafe or Bistro
679507,HOLIDAY INN-INNER HARBOR,(856) 927-8866,"301 LOMBARD ST Baltimore, MD",1.92,Fast Casual
154716,HOLIDAY RESTAURANT,(660) 284-2786,"3570 HANOVER ST Baltimore, MD",1.97,Family Style
816154,HOLLINS STREET PUB,(549) 325-9709,"1214 HOLLINS STREET Baltimore, MD",3.54,Fine Dining
373128,HOLLINSWOOD INN,(339) 756-2815,"2839 ANNAPOLIS RD Baltimore, MD",3.53,Family Style
175389,HOLLYWOOD DINER,(305) 329-2146,"400 SARATOGA ST Baltimore, MD",4.06,Fast Food
696293,HOLY FRIJOLES,(831) 590-0171,"908 36TH ST Baltimore, MD",3.26,Fast Food
187219,HOMETOWN DELI,(275) 370-6954,"311 CALVERT ST Baltimore, MD",3.06,Fast Food
627634,HOMETOWN GIRL & COMPANY,(776) 443-1776,"1001 36TH ST Baltimore, MD",1.61,Fast Casual
679564,HONEY'S LOUNGE,(454) 437-6319,"1722 GOUGH ST Baltimore, MD",1.78,Cafe or Bistro
412253,HOOTERS OF AMERICA,(613) 271-2610,"301 LIGHT ST Baltimore, MD",0.3,Fast Food
380229,HOPKINS DELI,(926) 793-6410,"110 39TH ST Baltimore, MD",3.17,Fast Food
478310,HOPKINS PLAZA DELI,(668) 594-7763,"Hopkins Pl Baltimore, MD",1.03,Fast Food
589720,HOPKINS SUBWAY,(437) 434-4309,"3233 ST PAUL ST Baltimore, MD",3.08,Fast Food
816996,HORSEFEATHER'S PUB,(778) 211-2723,"40 STREEPER ST Baltimore, MD",0.41,Fine Dining
791705,HOT TOMATOES-CAF FORTUNATO,(357) 802-6055,"717 BROADWAY Baltimore, MD",1.4,Fast Casual
987256,HOULIHANS OF MARYLAND,(889) 646-2155,"621 PRATT ST Baltimore, MD",2.32,Fast Food
997007,HOWL AT THE MOON (AKA 22 MARKET PL),(673) 652-4026,"34 MARKET PL Baltimore, MD",2.54,Fine Dining
795794,HUCKAS,(870) 728-2928,"2324 BOSTON ST Baltimore, MD",0.29,Fast Casual
136144,HULL STREET BLUES,(979) 475-5355,"1222 HULL ST Baltimore, MD",2.27,Fast Casual
145732,HUNAN EMPIRE,(347) 286-1459,"849 FORT AVE Baltimore, MD",0.28,Fast Food
569389,HYATT REGENCY BALTIMORE (PISCES & BAR),(568) 676-7117,"300 LIGHT ST Baltimore, MD",1.02,Fast Food
219955,HYATT REGENCY BALTIMORE (Perks -LOBBY BAR),(950) 509-5621,"300 LIGHT ST Baltimore, MD",0.59,Fast Food
741553,HYATT REGENCY BALTIMORE (CAFETERIA),(544) 953-1536,"300 LIGHT ST Baltimore, MD",2.76,Cafe or Bistro
783574,HYATT REGENCY BALTIMORE (KITCHEN/BANQUET ROOM),(401) 263-5860,"300 LIGHT ST Baltimore, MD",4.1,Fast Food
839876,HYATT REGENCY OF BALTIMORE (Bistro-300 & Bar),(389) 572-2044,"300 LIGHT ST Baltimore, MD",0.33,Cafe or Bistro
147505,me BAR,(983) 889-0857,"2118 MARYLAND AVE Baltimore, MD",4.19,Fast Food
455333,"me.B.P.O.E. OF W., INCORPORATED",(959) 326-1805,"2008 HARFORD RD Baltimore, MD",3.39,Family Style
581234,me'CON INN,(289) 259-3445,"45 KRESSON ST Baltimore, MD",1.01,Family Style
602517,IGGIES,(983) 808-3630,"818 CALVERT ST Baltimore, MD",3.47,Fast Food
915143,IGUANA CANTINA BAR,(460) 660-7072,"124 MARKET PLACE Baltimore, MD",1.17,Cafe or Bistro
930809,IKAN SEAFOOD,(806) 448-1348,"529 BELVEDERE AVE Baltimore, MD",3.61,Cafe or Bistro
238902,IKAROS RESTAURANT,(901) 510-0522,"4805 EASTERN AVE Baltimore, MD",1.39,Fast Food
187879,IKE'S PLACE,(386) 599-6896,"2248 WILKENS Ave Baltimore, MD",2.47,Fast Food
333621,"IL MONDO,INC",(747) 623-0973,"217 HIGH ST Baltimore, MD",0.91,Fast Casual
627690,ILLUSIONS MAGIC BAR & LOUNGE,(954) 809-3815,"1025 27 S CHARLES ST Baltimore, MD",0.8,Cafe or Bistro
737124,IMPRESSED CAF,(420) 967-5400,"200 LEXINGTON ST Baltimore, MD",2.29,Fast Food
577647,INCOGNITO TAVERN,(896) 906-9432,"424 PAYSON ST Baltimore, MD",2.7,Fast Food
195705,INDIA RASOI RESTAURANT,(492) 217-7341,"411 HIGH ST Baltimore, MD",2.88,Fast Food
120071,INDIA TANDOOR,(288) 914-8592,"2101 CHARLES ST Baltimore, MD",1.88,Fast Food
144056,INDIGMA,(274) 262-2987,"802 CHARLES ST Baltimore, MD",0.81,Fine Dining
661907,INSIDE RAIL BAR,(638) 841-2525,"Hayward Ave Baltimore, MD",3.37,Fast Casual
472945,INTERCONTINENTAL HARBOR COURT-BRIGHTON'S,(351) 878-4981,"550 LIGHT ST Baltimore, MD",0.25,Fast Food
981896,INTERCONTINENTAL HARBOR-EXPRESSO,(845) 565-7370,"550 LIGHT ST Baltimore, MD",1.34,Fine Dining
325129,INTRINSICS RESTAURANT,(694) 674-8501,"5209 REISTERSTOWN RD Baltimore, MD",2.92,Fast Casual
932372,IRISH PUB,(946) 459-5345,"418 CLINTON ST Baltimore, MD",0.2,Fast Casual
651648,ISIS ( 226-228),(903) 875-3533,"226 PARK AVE Baltimore, MD",1.67,Fast Food
751156,ISLAND II,(560) 506-3124,"1928 FLEET ST Baltimore, MD",2.76,Fast Food
963194,ITALIANOS RESTAURANT CARRYOUT,(682) 833-7761,"2229 WASHINGTON BLVD Baltimore, MD",3.84,Fast Food
556830,ixia restaurant,(455) 584-3121,"518 charles st Baltimore, MD",0.93,Cafe or Bistro
952534,J & J LOUNGE,(693) 547-3240,"2738 BAKER ST Baltimore, MD",1.65,Fast Food
141763,J & J TAVERN,(279) 441-3443,"1801 RAMSAY ST Baltimore, MD",1.87,Cafe or Bistro
419251,J & M CORNER BAR,(879) 442-6883,"3527 BALTIMORE ST Baltimore, MD",3.2,Fast Food
891194,J & S BAR & LOUNGE,(385) 890-5183,"301 LONEYS LN Baltimore, MD",2.78,Family Style
572006,J RAY'S CAFE,(949) 271-1537,"900 CAREY ST Baltimore, MD",2.11,Family Style
839363,"J. PATRICK, INC.",(685) 229-3504,"1367 ANDRE ST Baltimore, MD",0.26,Fast Food
417534,J. PAUL'S,(456) 918-3202,"301 LIGHT ST Baltimore, MD",2.23,Cafe or Bistro
828553,J. T.'S SALOON,(677) 763-2112,"6317 BELAIR RD Baltimore, MD",1.23,Cafe or Bistro
564679,JACK'S BISTRO,(691) 565-1718,"3123 ELLIOTT ST Baltimore, MD",2.89,Fast Food
309668,JACK'S LIQUOR & LOUNGE,(247) 220-4129,"141 HAMBURG ST Baltimore, MD",3.19,Fast Food
893331,JAMES JOYCE IRISH PUB AND RESTAURANT,(484) 691-9158,"616 PRESIDENT ST Baltimore, MD",1.48,Family Style
443301,KAMP (2312-14),(985) 627-4319,"2312 BOSTON ST Baltimore, MD",1.31,Fine Dining
486712,KASBAH CAF,(338) 423-6658,"726 BROADWAY Baltimore, MD",1.35,Fast Food
594847,KAWASAKI CAF,(642) 298-7302,"907 ANN ST Baltimore, MD",2.24,Fast Food
285432,KAY-CEE CLUB,(586) 638-0994,"201 HOMELAND AVE Baltimore, MD",3.3,Family Style
690729,K'C' CORNER TAVERN,(724) 524-5756,"6626 HARFORD RD Baltimore, MD",2.06,Fast Food
407024,KELLY'S,(848) 757-8595,"2106 EASTERN AVE Baltimore, MD",3.66,Family Style
868277,KELLY'S BAR & LOUNGE,(825) 632-2154,"291 PULASKI ST Baltimore, MD",3.25,Fast Casual
990458,KENTUCKY FRIED CHICKEN,(267) 523-2678,"6219 BELAIR RD Baltimore, MD",4.05,Cafe or Bistro
843637,KENTUCKY FRIED CHICKEN,(962) 785-9172,"100 HOWARD ST Baltimore, MD",1.13,Family Style
718011,KENTUCKY FRIED CHICKEN,(281) 431-3498,"1821 ST PAUL ST Baltimore, MD",1.16,Fast Food
300158,KENTUCKY FRIED CHICKEN,(338) 668-1725,"2853 GREENMOUNT AVE Baltimore, MD",3.82,Cafe or Bistro
187181,KENTUCKY FRIED CHICKEN,(586) 616-5520,"3815 WILKENS AVE Baltimore, MD",2.11,Fast Food
776244,KENTUCKY FRIED CHICKEN,(368) 824-1211,"5625 O DONNELL ST Baltimore, MD",0.97,Family Style
948394,KENTUCKY FRIED CHICKEN Y070-074,(382) 534-3874,"3300 REISTERSTOWN RD Baltimore, MD",1.43,Cafe or Bistro
826354,KFC / LONG JOHN SILVERS,(651) 883-2981,"5000 SINCLAIR LN Baltimore, MD",4.14,Fast Casual
765343,KFC-Y320011,(301) 966-9011,"6600 REISTERSTOWN RD Baltimore, MD",3.38,Family Style
480148,KICK BACK JACK'S,(562) 503-7828,"4825 BELAIR RD Baltimore, MD",3.96,Fine Dining
738706,KIKU SUSHI RESTAURANT,(399) 204-7729,"1017 LIGHT ST Baltimore, MD",1.83,Family Style
411827,"KIMMY'S RESTAURANT & CARRYOUT, INC.",(491) 589-5923,"5732 WABASH AVE Baltimore, MD",2.86,Fast Food
386784,KIM'S LIQUORS,(218) 820-3785,"2863 NORTH AVE Baltimore, MD",2.07,Fast Food
914695,KIM'S RESTAURANT & CARRYOUT,(523) 531-5242,"1121 LIGHT ST Baltimore, MD",1.58,Fast Food
517916,KING BUFFET,(874) 323-2309,"2201 PATAPSCO AVE Baltimore, MD",1.8,Fast Casual
756282,"KING'S GARDEN CAF, LLC",(370) 695-2436,"218 CHARLES ST Baltimore, MD",2.68,Cafe or Bistro
173610,KING'S PIZZA EXPRESS,(212) 843-5943,"907 36TH ST Baltimore, MD",3.26,Fast Food
552563,KIRBIE'S GRILL & CAF,(532) 920-0960,"410 REDWOOD ST Baltimore, MD",0.2,Fast Food
789182,KIRBY'S KORNER,(356) 430-1017,"35 POTOMAC ST Baltimore, MD",1.86,Fast Food
853481,KISLING'S TAVERN,(751) 947-5386,"2100 FLEET ST Baltimore, MD",1.14,Fast Food
856788,KISS CAF,(766) 772-6055,"2400 BOSTON ST Baltimore, MD",3.86,Fine Dining
411074,KITTY'S LOUNGE,(986) 877-9907,"3208 GREENMOUNT AVE Baltimore, MD",2.61,Fast Casual
904256,K-MART MORAVIA STORE #3229,(416) 695-4569,"5100 SINCLAIR LN Baltimore, MD",1.77,Fast Food
103846,KNOTTY PINE INN,(262) 447-2759,"801 CONKLING ST Baltimore, MD",1.36,Fine Dining
948834,KOBA CAF,(409) 668-3389,"644 FORT AVE Baltimore, MD",3.24,Fast Casual
141348,"KOCO'S PUB, INC.",(620) 710-7059,"4301 HARFORD RD Baltimore, MD",3.23,Fast Casual
473490,KOLPERS RESTAURANT AND BAR,(422) 364-2123,"1520 CLIPPER RD Baltimore, MD",0.25,Fast Food
488974,KOOPER'S TAVERN,(981) 987-7967,"1702 THAMES ST Baltimore, MD",1.18,Fast Food
259200,KOSHER BITE,(899) 979-7209,"6309 REISTERSTOWN RD Baltimore, MD",1.24,Fast Food
405635,KOZY KORNER,(911) 381-9907,"701 BARTLETT AVE Baltimore, MD",1.13,Cafe or Bistro
829211,KRISTO'S CARRYOUT,(536) 214-6116,"206 SARATOGA ST Baltimore, MD",2.99,Fast Food
404461,K'S KORNER,(563) 410-5311,"2300 SIDNEY AVE Baltimore, MD",1.72,Cafe or Bistro
437258,KUANG NING CARRYOUT,(726) 550-9518,"3127 NORTH AVE Baltimore, MD",2.33,Fast Food
705714,KUMARI RESTAURANT & BAR,(251) 786-5745,"911 CHARLES ST Baltimore, MD",1.78,Family Style
202730,Kwang Moo Liquor,(444) 826-2445,"4742 Frederick Ave Baltimore, MD",1.56,Family Style
911431,L. P. DOCKS,(933) 970-6882,"1476 REYNOLDS ST Baltimore, MD",4.19,Fast Food
222392,L.P. STEAMERS,(377) 834-8020,"1100 FORT AVE Baltimore, MD",2.98,Cafe or Bistro
640365,LA CAZUELA RESTAURANT,(218) 959-6418,"1718 EASTERN AVE Baltimore, MD",1.17,Cafe or Bistro
609107,LA MARSA,(358) 310-5312,"706 BROADWAY Baltimore, MD",1.34,Fast Food
566096,LA ROCA,(962) 506-9095,"3210 PULASKI HWY Baltimore, MD",3.72,Fast Food
927546,LA ROCA BRUJA,(816) 920-6714,"1453 LIGHT ST Baltimore, MD",2.33,Family Style
182524,LA RUMBA,(275) 452-1839,"1650 54 E PRATT ST Baltimore, MD",1.21,Fine Dining
218354,LA SCALA RISTORANTE ITALIANO,(809) 786-0062,"1012 EASTERN AVE Baltimore, MD",1.87,Fast Food
452256,"LA SIRENITA RESTAURANT, II",(316) 249-5122,"3928 EASTERN AVE Baltimore, MD",2.62,Fast Food
246323,LA TAVOLA RESTAURANT,(579) 885-7522,"248 ALBEMARLE ST Baltimore, MD",4.19,Family Style
258105,LADY D'S CAF,(264) 637-7626,"2637 GREENMOUNT AVE Baltimore, MD",0.8,Fast Food
663591,LAGERS PUB,(350) 843-3646,"2522 FAIT AVE Baltimore, MD",3.67,Family Style
622611,LAHOR KABAB HOUSE,(314) 576-8325,"2110 CHARLES ST Baltimore, MD",1.85,Fast Casual
528826,LA'RAE,(599) 481-8531,"1000 HOFFMAN ST Baltimore, MD",2.51,Cafe or Bistro
259089,LARRY FLYNT'S HUSTLER CLUB,(270) 433-8022,"18 CUSTOM HOUSE AVE Baltimore, MD",0.7,Family Style
275911,LAS ESPERANZA,(583) 297-0614,"529 BOND ST Baltimore, MD",2.22,Fast Food
754023,"LAS PALMAS MEXICAN RESTAURANT, INC.",(768) 406-5116,"1622 EASTERN AVE Baltimore, MD",3.32,Cafe or Bistro
434772,LATASCA,(796) 919-1567,"201 PRATT ST Baltimore, MD",0.15,Fast Food
756842,LATIN PALACE (509-13),(950) 442-6198,"509 BROADWAY Baltimore, MD",1.79,Family Style
699798,LATIN QUARTERS,(638) 434-0517,"646 NEWKIRK ST Baltimore, MD",2.35,Cafe or Bistro
707338,LAVA LOUNGE,(886) 872-6648,"1301 PONCA ST Baltimore, MD",0.22,Fast Casual
532547,LEADBETTERS II,(667) 939-4877,"1639 THAMES ST Baltimore, MD",0.53,Family Style
668158,LEAR'S II,(244) 776-6438,"3500 O DONNELL ST Baltimore, MD",0.54,Fine Dining
365193,LEBANESE TAVERNA (AKA 719 S. PRESIDENT STREET),(313) 853-6987,"801 ALICEANNA ST Baltimore, MD",3.59,Family Style
233707,LED ENTERPRISES LTD.,(257) 203-5408,"514 PULASKI ST Baltimore, MD",1.25,Fast Food
894792,LEGAL SEA FOODS,(515) 843-1214,"100 PRATT ST Baltimore, MD",3.54,Fast Food
819436,LEGEND RESTAURANT,(584) 207-8348,"614 LAURENS ST Baltimore, MD",3.56,Family Style
474159,LEMONGRASS BALTIMORE,(677) 208-5149,"1300 BANK STREET Baltimore, MD",1.71,Cafe or Bistro
626297,LENNY'S DELI OF LOMBARD STREET,(553) 435-6073,"1150 LOMBARD ST Baltimore, MD",0.78,Fast Food
879166,LEN'S SANDWICH SHOP,(826) 924-9711,"1500 WASHINGTON ST Baltimore, MD",1.31,Fine Dining
833200,LEON'S BAR,(408) 326-3998,"1740 LIGHT ST Baltimore, MD",0.43,Fast Casual
770004,LEVEL'S LOUNGE,(457) 722-2835,"322 FRANKLINTOWN RD Baltimore, MD",2.12,Cafe or Bistro
750496,LIGHT STREET CAF - 17th FLOOR,(502) 600-1730,"100 LIGHT ST Baltimore, MD",3.29,Family Style
307906,LIGHT STREET TAVERN,(855) 992-1841,"1400 LIGHT ST Baltimore, MD",2.92,Fast Food
471275,LIKE FATHER AND SON,(854) 562-8539,"228 MONROE ST Baltimore, MD",2.34,Family Style
664936,LIL'S PLACE,(750) 559-7119,"1909 PULASKI ST Baltimore, MD",1.57,Fast Food
104342,LIME,(493) 314-4798,"801 FORT AVE Baltimore, MD",2.53,Family Style
628051,LINDEN DELI,(214) 282-4113,"890 LINDEN AVE Baltimore, MD",3.24,Fast Casual
309508,LINDEN LOUNGE & BAR,(711) 205-4936,"904 NORTH AVE Baltimore, MD",0.47,Cafe or Bistro
984150,"LITHUANIAN HALL ASSOCIATION, INC.",(610) 843-8280,"851 HOLLINS ST Baltimore, MD",2.22,Family Style
430553,LITTLE BEAVER SOCIAL CLUB,(612) 943-4941,"600 LEHIGH ST Baltimore, MD",4.02,Fast Casual
631132,LITTLE HAVANA,(939) 751-8775,"1325 key HWY Baltimore, MD",0.5,Fast Food
108121,LITTLE TAVERN SHOPS,(813) 903-0323,"3515 EASTERN AVE Baltimore, MD",3.58,Fast Food
303737,LITTLE TAVERN SHOPS(6412-14),(884) 437-3638,"6412 HOLABIRD AVE Baltimore, MD",2.61,Cafe or Bistro
153370,LOCO HOMBRE,(234) 481-5970,"411 COLDSPRING LN Baltimore, MD",4.06,Family Style
296977,LOCUST POINT TAVERN,(598) 635-1347,"1515 CLEMENT ST Baltimore, MD",0.61,Cafe or Bistro
186412,LONG HING CARRYOUT,(299) 838-6217,"1131 GREENMOUNT Baltimore, MD",0.17,Fast Casual
658418,LONG JOHN SILVERS/A &W RESTAURANTS,(578) 978-7784,"6602 REISTERSTOWN RD Baltimore, MD",1.07,Fast Food
731612,LONG JOHN'S PUB,(433) 687-5330,"398 29TH ST Baltimore, MD",2.24,Fast Food
177562,LONGWOOD CAFE',(652) 773-8920,"3001 FREDERICK AVE Baltimore, MD",1.21,Fine Dining
277427,looney's pub,(932) 697-9095,"2900 o donnell st Baltimore, MD",0.26,Fast Food
186754,LOS MARIACHIS RESTAURANT,(231) 740-4729,"2227 EASTERN AVE Baltimore, MD",1.68,Fast Casual
853389,LOUISIANA,(753) 494-8603,"1708 ALICEANNA ST Baltimore, MD",3,Family Style
694395,LOUNGE 51,(764) 749-0022,"633 DUNCAN ST Baltimore, MD",3.56,Fast Food
613890,LOU'S BAR,(218) 567-6924,"4825 EASTERN AVE Baltimore, MD",2.11,Family Style
404498,LOWELL LIQUOR,(750) 304-7075,"3201 WOODLAND AVE Baltimore, MD",1.95,Family Style
837524,LUCA'S CAF,(394) 822-8275,"1230 FORT AVE Baltimore, MD",2.22,Cafe or Bistro
359184,LULU'S OFF BROADWAY,(540) 730-0563,"1703 ALICEANNA ST Baltimore, MD",0.82,Fast Food
862591,LUMBINI,(351) 663-7326,"322 CHARLES ST Baltimore, MD",0.71,Family Style
593701,LUNA DELSEA,(289) 450-8622,"300 PRATT ST Baltimore, MD",2.51,Fast Food
499674,LUST,(885) 654-1134,"408 BALTIMORE ST Baltimore, MD",3.45,Fast Casual
480811,LYRIC THEATRE,(384) 631-0043,"110 MOUNT ROYAL AVE Baltimore, MD",1.77,Family Style
954649,M & J'S SOUL FOOD,(970) 585-0035,"102 25TH ST Baltimore, MD",0.73,Fine Dining
855051,M & M LIQUOR AND LOUNGE,(911) 600-9623,"5142 PARK HEIGHTS AVE Baltimore, MD",3.61,Cafe or Bistro
946452,M & S GRILL/MCCORMICK & SCHMICK'S SEAFOOD REST.,(507) 480-1829,"201 PRATT ST Baltimore, MD",0.15,Fast Food
670587,MACEO'S,(442) 552-0989,"1926 MONROE ST Baltimore, MD",1.61,Fine Dining
675611,MAGERK'S PUB,(650) 614-8546,"1061 CHARLES ST Baltimore, MD",0.16,Fast Food
776255,MAGGIE MOORE'S IRISH PUB & RESTAURANT,(765) 251-7691,"21 EUTAW ST Baltimore, MD",3.85,Cafe or Bistro
311655,mahaffey's pub,(843) 780-6427,"2706 dillon st Baltimore, MD",0.6,Cafe or Bistro
455396,"MAKUTI ENTERPRISES, LLC",(710) 933-6119,"5302 FRANKFORD AVE Baltimore, MD",2.81,Fast Casual
130234,MAMA'S ON THE HALF SHELL,(701) 791-9595,"2901 O DONNELL ST Baltimore, MD",1.35,Fast Food
567847,MAMMA LUCIA PIZZA,(766) 220-7393,"3049 MONDAWMIN MALL Baltimore, MD",3.42,Fast Food
631315,MAMMA ROMA,(444) 268-2277,"6604 REISTERSTOWN RD Baltimore, MD",2.78,Fast Casual
338246,MAMMA'S CUCINA,(321) 504-6993,"1020 41ST ST Baltimore, MD",2.74,Fast Food
627274,MARGARETS PLACE,(750) 864-8704,"351 CALHOUN ST Baltimore, MD",0.91,Fine Dining
897298,MARIA D'S,(762) 770-2543,"1016 LIGHT ST Baltimore, MD",2.25,Fine Dining
780186,MARTICK'S,(409) 650-7125,"214 MULBERRY ST Baltimore, MD",1.47,Fast Casual
151683,MARYLAND CASUALTY COMPANY (CAF),(719) 840-6680,"3910 KESWICK RD Baltimore, MD",3.99,Fast Casual
458930,MARYLAND CLUB,(867) 577-8466,"1 EAGER ST Baltimore, MD",0.97,Family Style
457676,MARYLAND SCIENCE CENTER BEAKER'S CAF,(982) 628-4222,"601 LIGHT ST Baltimore, MD",3.29,Fast Food
982604,MARY'S TAVERN,(910) 424-4375,"2057 GOUGH ST Baltimore, MD",1.44,Family Style
705221,MASTELLONE'S,(621) 344-3614,"7212 HARFORD RD Baltimore, MD",1.47,Fast Food
990281,MATSURI RESTAURANT,(795) 624-0366,"1105 CHARLES ST Baltimore, MD",1.23,Fine Dining
458281,matthew's pizza,(279) 809-3275,"3131 eastern ave Baltimore, MD",1.7,Fast Food
489393,MAX'S ON BROADWAY,(671) 951-7843,"735 BROADWAY Baltimore, MD",0.43,Fine Dining
394432,MAYNARD'S CAFE & RESTAURANT,(612) 475-6389,"3916 HANOVER ST Baltimore, MD",1.27,Fast Casual
922933,MBEPB VF #109-PERRY'S CRESENT CAF,(472) 795-3102,"10 HOWARD ST Baltimore, MD",2.8,Fast Food
650281,MBEPB VF #137--- STATE CENTER CAF,(650) 975-6064,"301 preston st Baltimore, MD",4.22,Fine Dining
854067,MBEPB VF #34,(546) 456-0516,"300 GREENE ST Baltimore, MD",1.55,Fast Casual
629739,MCCABE'S,(594) 858-3508,"3845 FALLS RD Baltimore, MD",2.33,Fine Dining
425527,MCCORMICK & SCHMICK SEAFOOD RESTAURANT,(629) 822-7227,"711 EASTERN AVE Baltimore, MD",4.08,Fast Food
902305,MCCRACKENS ON KEY,(227) 292-0187,"1400 KEY HIGHWAY Baltimore, MD",0.36,Fast Food
192766,MCDONALD'S,(846) 925-6434,"101 BALTIMORE ST Baltimore, MD",2.67,Fast Casual
102532,mcdonald's,(574) 976-3115,"101 patapsco ave Baltimore, MD",3.84,Cafe or Bistro
428930,mcdonald's,(778) 442-6047,"200 pratt st Baltimore, MD",3.55,Fast Food
735632,MCDONALD'S,(461) 499-8434,"2001 BROADWAY Baltimore, MD",1.73,Fine Dining
813367,MCDONALD'S,(612) 931-4913,"25 HOWARD ST Baltimore, MD",1.78,Fast Food
890613,MCDONALD'S,(839) 534-2657,"2840 GREENMOUNT Baltimore, MD",3.14,Fast Food
236844,MCDONALD'S,(887) 226-4296,"31 CALVERT ST Baltimore, MD",0.75,Fine Dining
251209,mcdonald's,(451) 352-6743,"3619 wilkens ave Baltimore, MD",3.59,Fast Food
182060,mcdonald's,(235) 863-4494,"3920 falls rd Baltimore, MD",0.74,Fine Dining
174484,MCDONALD'S,(355) 592-1704,"4401 REISTERSTOWN RD Baltimore, MD",1.36,Fast Casual
577873,MCDONALD'S,(908) 526-6978,"5100 YORK RD Baltimore, MD",0.76,Fast Food
566586,MCDONALD'S,(856) 586-1979,"6001 MORAVIA RD Baltimore, MD",3.34,Fast Casual
762865,MCDONALD'S RESTAURANT,(928) 589-6081,"5713 BELAIR RD Baltimore, MD",1.98,Fast Casual
427577,MCDONALD'S #5437,(704) 934-8777,"3401 PULASKI HWY Baltimore, MD",3.85,Fast Food
301911,MCDONALD'S (4526-38),(560) 383-6730,"4526 ERDMAN AVE Baltimore, MD",3.18,Cafe or Bistro
335132,MCDONALD'S 11851,(930) 779-5496,"825 FORT AVE Baltimore, MD",2.45,Fast Food
159699,MCDONALD'S HAMBURGERS,(638) 553-7958,"2501 FRANKLIN ST Baltimore, MD",1.12,Fast Food
745802,MCDONALD'S HAMBURGERS,(605) 228-7060,"3249 FREDERICK AVE Baltimore, MD",2.59,Fast Food
466838,MCDONALD'S HAMBURGERS,(350) 728-0536,"425 BALTIMORE ST Baltimore, MD",1.85,Cafe or Bistro
707346,MCDONALD'S RESTAURANT,(894) 241-3753,"4205 MORTIMER AVE Baltimore, MD",2.5,Fast Casual
632074,MCDONALD'S RESTAURANT,(888) 377-3799,"45 MARKET PL Baltimore, MD",1.62,Fast Food
436450,MCHENRY STREET PUB,(429) 743-3958,"1513 MCHENRY ST Baltimore, MD",3.01,Fast Food
317739,MEADOW MILL ATHLETIC CLUB,(687) 600-5537,"3600 CLIPPER MILL RD Baltimore, MD",2.29,Fast Casual
523423,MEHEK,(311) 404-3664,"811 BROADWAY Baltimore, MD",3.23,Fast Food
520957,MELI PATISSERIE & BISTRO,(787) 365-0171,"818 BROADWAY Baltimore, MD",0.95,Cafe or Bistro
260028,METROPOLITAN COFFEEHOUSE AND WINE BAR,(455) 440-4498,"902 CHARLES ST Baltimore, MD",0.93,Family Style
125217,MEX RESTAURANT,(443) 238-4207,"26 MARKET PL Baltimore, MD",0.13,Fine Dining
743892,MICHAEL'S STEAK & LOBSTER HOUSE,(381) 408-4182,"6207 EASTERN AVE Baltimore, MD",2.76,Fine Dining
890173,MICHELLE'S CAF,(455) 269-9177,"1836 EASTERN AVE Baltimore, MD",1.44,Cafe or Bistro
199471,MICK 0' SHEA'S IRISH PUB,(337) 807-3320,"328 CHARLES ST Baltimore, MD",2.96,Fast Food
189199,MIDTOWN YACHT CLUB,(656) 246-5261,"15 CENTRE ST Baltimore, MD",2.06,Cafe or Bistro
525460,"NEW REX LIQUORS,INC.",(932) 750-5988,"4637 YORK RD Baltimore, MD",3.36,Fine Dining
924006,NEW RITZ CABARET,(753) 257-9332,"504 BROADWAY Baltimore, MD",2.42,Fast Food
211478,NEW SEOUL RESTAURANT,(466) 779-1162,"1910 16 N CHARLES ST Baltimore, MD",2.34,Fast Food
716482,"NICHIBAN OF FEDERAL HILL, INC.",(922) 852-8290,"1035 CHARLES ST Baltimore, MD",3.14,Fast Casual
746791,NICK'S,(228) 852-4372,"2200 WILKENS AVE Baltimore, MD",2.63,Fast Food
352550,NICK'S FISH HOUSE,(438) 983-0365,"2600 INSULATOR DR Baltimore, MD",0.44,Family Style
684645,NIGHT OF THE COOKERS. LLC,(706) 448-7722,"885 HOWARD ST Baltimore, MD",0.48,Fast Food
995723,NIGHTSHIFT,(973) 997-4432,"1725 PONCA ST Baltimore, MD",3.31,Family Style
441145,NIWANA,(531) 930-1396,"3215 CHARLES ST Baltimore, MD",1.8,Cafe or Bistro
614262,NO IDEA,(830) 831-5434,"1649 HANOVER ST Baltimore, MD",3.39,Fast Food
263582,NO WAY JOSE CAF,(296) 250-6960,"38 CROSS ST Baltimore, MD",1.75,Cafe or Bistro
387706,NO. #1 CHINESE RESTAURANT,(390) 424-0241,"3710 EASTERN AVE Baltimore, MD",3.38,Cafe or Bistro
360636,NORMA JEANS,(554) 306-3150,"10 CUSTOM HOUSE AVE Baltimore, MD",0.67,Family Style
227175,NORTH POLE ICE CREAM COMPANY,(818) 335-9334,"3713 EASTERN AVE Baltimore, MD",2.28,Fine Dining
570331,NORTH'S CAF,(973) 293-6242,"3716 BELVEDERE AVE Baltimore, MD",2.75,Fine Dining
590151,NORTHSIDE SPORTS BAR,(221) 344-5835,"3100 GREENMOUNT AVE Baltimore, MD",2.04,Fast Casual
396954,OASIS NITECLUB,(664) 640-6723,"417 BALTIMORE ST Baltimore, MD",0.55,Fast Casual
656881,O'BRADY SALOON,(953) 580-5716,"3432 HANOVER ST Baltimore, MD",3.52,Cafe or Bistro
671151,O'CONNORS,(342) 582-1736,"4801 EASTERN AVE Baltimore, MD",3.51,Fast Food
875120,O'DONNELL PUB,(832) 475-3143,"531 POTOMAC ST Baltimore, MD",3.46,Cafe or Bistro
109522,ODYSSEY LOUNGE,(493) 255-2894,"1323 PRESSTMAN ST Baltimore, MD",4.24,Family Style
699391,O'HARA'S IRISH PUB,(330) 255-6081,"6506 BELAIR RD Baltimore, MD",3.32,Fast Casual
340339,OK TAVERN,(958) 238-1664,"2301 BIDDLE ST Baltimore, MD",1.39,Fast Food
473730,OLD BAY CAF,(634) 800-3275,"501 PRATT STREET Baltimore, MD",0.54,Fast Casual
416507,OLDE OBRYCKI'S CRAB HOUSE (saesonal),(609) 841-3076,"1727 PRATT ST Baltimore, MD",1.37,Cafe or Bistro
978280,OLORI B',(702) 390-1637,"2637 GREENMOUNT AVE Baltimore, MD",1.77,Fine Dining
503117,OMEGA PSI PHI FRATERNITY,(803) 865-3549,"2003 PRESBURY ST Baltimore, MD",4,Fine Dining
804652,ONE + ONE CARRYOUT,(828) 445-2520,"1550 MONROE ST Baltimore, MD",2.43,Fine Dining
562222,ONE WORLD CAF,(229) 981-9309,"100 UNIVERSITY PKWY Baltimore, MD",4.1,Fast Food
309723,ONE-EYED MIKE'S,(982) 977-0479,"708 BOND ST Baltimore, MD",1.89,Cafe or Bistro
563481,OPEN HEARTH INN,(266) 772-4098,"6591 ST HELENA AVE Baltimore, MD",0.91,Fine Dining
840691,ORIENT EXPRESS,(341) 997-0413,"3111 ST PAUL ST Baltimore, MD",0.57,Fast Food
665545,ORLEANS LIQUORS,(450) 952-5487,"401 MONTFORD AVE Baltimore, MD",0.14,Family Style
230957,ottobar,(613) 498-5984,"2549 howard st Baltimore, MD",0.62,Fine Dining
152390,OUT TO LUNCH,(243) 317-7002,"109 MARKET PL Baltimore, MD",0.33,Fast Food
294021,OUTBACK STEAKHOUSE,(214) 982-0459,"2400 BOSTON ST Baltimore, MD",0.78,Fast Food
339926,OVERLEA DINER,(510) 535-0402,"6652 BELAIR RD Baltimore, MD",2.12,Family Style
715473,OXFORD TAVERN,(916) 352-5048,"1741 NORTH AVE Baltimore, MD",0.43,Fast Food
563871,P & S JAMAICAN & AMERICAN RESTAURNAT & CARRYOUT,(607) 254-8957,"5218 PARK HEIGHTS AVE Baltimore, MD",2.45,Family Style
792239,P.J.'S PUB,(546) 607-9154,"3333 CHARLES ST Baltimore, MD",1.77,Fast Casual
204539,PAIK'S PLACE,(916) 254-0750,"3563 FAIRFIELD RD Baltimore, MD",0.82,Cafe or Bistro
931569,PAK'S LIQUORS,(246) 404-0037,"300 GILMOR ST Baltimore, MD",0.97,Family Style
945886,PALOMA'S (351-55),(891) 242-1302,"351 WOODYEAR ST Baltimore, MD",2.93,Fast Food
489397,PANADERIA HERMANOS NAVARRO LLC,(215) 957-9697,"3712 EASTERN AVE Baltimore, MD",1.72,Cafe or Bistro
827421,PANDA EXPRESS # 1152,(204) 407-7938,"6514 REISTERSTOWN RD Baltimore, MD",2.99,Fast Food
326554,PANERA BREAD,(786) 597-4985,"600 PRATT ST Baltimore, MD",2.97,Family Style
858348,PANERA BREAD,(723) 670-8143,"6307 1 2 YORK RD Baltimore, MD",1.08,Cafe or Bistro
362195,PAPA JOHNS PIZZA,(862) 667-7122,"5246 HARFORD RD Baltimore, MD",1.57,Fast Casual
573013,PAPA JOHN'S,(743) 476-0543,"347 33RD ST Baltimore, MD",4.17,Family Style
949479,PAPA JOHN'S PIZZA 730,(840) 438-9146,"4535 FALLS RD Baltimore, MD",3.09,Fine Dining
670937,PAPERMOON DINER,(571) 394-2997,"227 29TH ST Baltimore, MD",3.92,Family Style
884440,PARADISE OF PARK HEIGHTS,(712) 673-9946,"4448 PARK HEIGHTS AVE Baltimore, MD",0.22,Fast Food
130531,PARADOX,(414) 415-2777,"1310 RUSSELL ST Baltimore, MD",1.66,Fast Food
817880,PARK AVE. SPORTS BAR,(971) 532-6741,"412 PARK AVE Baltimore, MD",0.11,Fast Food
168099,PARK AVENUE CAF EXPRESS,(458) 788-0170,"3700 KOPPERS ST Baltimore, MD",1.23,Fast Casual
320274,PARK INN,(618) 247-2542,"2239 EASTERN AVE Baltimore, MD",1.97,Cafe or Bistro
599978,Parkside Restaurant,(317) 670-4959,"2901 Baltimore St Baltimore, MD",2.92,Fast Food
596879,PARTHENON DINER,(729) 881-9358,"8 PARK AVENUE Baltimore, MD",2.58,Fast Food
790339,PASTICCIO ITALIAN KITCHEN,(201) 330-7192,"2400 BOSTON ST Baltimore, MD",2.97,Fast Food
258576,PATRICK'S OF PRATT STREET,(389) 608-5486,"131 SCHROEDER ST Baltimore, MD",2.9,Fast Food
894110,"PATTERSON PERK, LLC",(547) 925-8833,"2501 EASTERN AVE Baltimore, MD",2.61,Fine Dining
887686,PATTY CAKES,(496) 900-2314,"2301 ARGONNE DR Baltimore, MD",1.34,Fast Casual
921916,PAUL'S,(261) 258-7390,"701 FORT AVE Baltimore, MD",3.06,Fast Food
521256,PAZO,(777) 640-1653,"1425 ALICEANNA ST Baltimore, MD",3.08,Fine Dining
695386,PAZZA LUNA,(411) 415-8876,"1401 CLEMENT ST Baltimore, MD",3.94,Fast Casual
792838,peabody court a clairon hotel,(728) 755-9467,"612 cathedral st Baltimore, MD",3.96,Fast Casual
356161,PEARL'S,(884) 706-1445,"1900 ALICEANNA ST Baltimore, MD",1.29,Fast Food
455259,PEIWEI ASIAN DINER,(797) 677-6823,"6302 YORK RD Baltimore, MD",0.38,Fast Food
854015,peking house,(952) 812-8942,"3606 hanover st Baltimore, MD",2.1,Fast Food
591112,PENN LIQUORS,(825) 504-0526,"1041 GREENMOUNT AVE Baltimore, MD",3.08,Cafe or Bistro
609188,PENN RESTAURANT & CARRYOUT,(229) 469-2892,"663 PRATT ST Baltimore, MD",3.21,Fast Food
771111,PENN STREET TAVERN,(326) 712-6523,"213 PENN ST Baltimore, MD",0.63,Cafe or Bistro
967278,PENNINGTON STATION,(667) 565-5109,"4901 PENNINGTON AVE Baltimore, MD",1.63,Fast Food
387366,PENNINGTON'S PUB (5 & 7 W. PATAPSCO AVE.),(279) 295-4889,"7 PATAPSCO AVE Baltimore, MD",2.05,Family Style
119744,PEPINO'S INCORPORATED,(760) 646-5543,"301 EXETER ST Baltimore, MD",0.76,Family Style
215523,PEPPER'S LIQUOR'S,(651) 672-6791,"5440 REISTERSTOWN RD Baltimore, MD",2.35,Fast Food
800945,PERGUSA ENTERPRISES,(478) 836-0823,"5928 YORK RD Baltimore, MD",1.3,Cafe or Bistro
705680,PETALO'S,(214) 851-4268,"1002 EASTERN AVE Baltimore, MD",3.87,Cafe or Bistro
109808,PETERS POUR HOUSE AND PUB 110,(876) 419-7025,"111 MERCER ST Baltimore, MD",0.97,Fast Food
364021,PETE'S GRILLE,(895) 367-5821,"3130 GREENMOUNT AVE Baltimore, MD",0.47,Fast Food
280148,"PETE'S INN, INCORPORATED",(370) 783-9926,"504 ANN ST Baltimore, MD",1.55,Family Style
910093,PETIT LOUIS BISTRO,(729) 683-8738,"4800 ROLAND AVE Baltimore, MD",3.02,Fine Dining
777840,PETTIFORD'S SEAFOOD & SOUL FOOD,(985) 623-5718,"2002 HARFORD RD Baltimore, MD",0.87,Fast Food
416243,PF CHANGS CHINA BISTRO,(877) 901-3019,"600 PRATT ST Baltimore, MD",2.46,Fast Food
827180,PHANTOM'S BAR AND GRILL,(971) 666-4037,"3539 BELAIR RD Baltimore, MD",3.96,Family Style
938733,PHILLIP'S EXPRESS BUFFET,(408) 493-0612,"301 light Baltimore, MD",1.01,Fast Food
423066,PHILLIP'S OF HARBOR PLACE,(225) 997-9541,"301 light st Baltimore, MD",4.04,Family Style
158928,PICCADELIS,(302) 554-7514,"202 READ ST Baltimore, MD",2.84,Fast Casual
774553,PICKLES PUB,(812) 896-4070,"520 WASHINGTON BLVD Baltimore, MD",0.89,Cafe or Bistro
539967,PIER 5 HOTEL,(347) 712-9947,"711 EASTERN AVE Baltimore, MD",4,Family Style
919605,PIMLICO TRACK KITCHEN (PIMLICO RACE COURSE),(253) 488-4124,"Haward Ave Baltimore, MD",4.13,Fast Food
160859,PIZZA PRESTO,(595) 711-8625,"6500 EASTERN AVENUE Baltimore, MD",0.35,Cafe or Bistro
635363,PIZZERIA UNO,(201) 501-3760,"201 PRATT ST Baltimore, MD",3.89,Fast Food
539857,"PLAZA SALOON, INC.",(977) 445-1885,"404 BALTIMORE ST Baltimore, MD",0.54,Family Style
261012,"POLISH NATIONAL ALLIANCE, COUNCIL 21",(333) 387-5531,"1627 EASTERN AVE Baltimore, MD",2.1,Cafe or Bistro
887363,POLLO REAL,(870) 975-4290,"101 EATON ST Baltimore, MD",2.54,Fast Casual
835566,POLOCK JOHNNY'S,(677) 259-3008,"3212 WASHINGTON BLVD Baltimore, MD",3.58,Family Style
165641,POL'S CAF,(263) 507-2341,"2619 21 FOSTER AVE Baltimore, MD",0.41,Fine Dining
153401,PONCABIRD PUB/SNACK SHACK,(910) 315-7363,"1719 PONCABIRD PASS Baltimore, MD",2.62,Family Style
370901,POPEYES FAMOUS FRIED CHICKEN,(864) 250-4979,"300 BROADWAY Baltimore, MD",3.69,Fast Food
850205,POPEYES FAMOUS FRIED CHICKEN,(420) 453-6621,"3400 PULASKI HWY Baltimore, MD",3.74,Fast Food
566758,POPEYES FAMOUS FRIED CHICKEN,(546) 328-6251,"4404 EDMONDSON AVE Baltimore, MD",4.14,Fast Food
884944,POPEYES FAMOUS FRIED CHICKEN,(364) 666-3584,"5002 SINCLAIR LN Baltimore, MD",2.98,Fast Casual
612304,POPEYES FAMOUS FRIED CHICKEN,(801) 230-6588,"5002 YORK RD Baltimore, MD",4.11,Cafe or Bistro
932640,POPEYES FAMOUS FRIED CHICKEN,(501) 562-2567,"6642 BELAIR RD Baltimore, MD",3.37,Fast Food
315455,POPEYES FAMOUS FRIED CHICKEN,(666) 856-1412,"887 FORT AVE Baltimore, MD",2.92,Fast Food
151919,POPEYE'S FAMOUS FRIED CHICKEN & BISCUITS,(284) 258-8505,"6512 reisterstown RD Baltimore, MD",3.16,Fast Food
659334,POPEYES OF MONDAWMIN,(365) 792-3744,"2401 LIBERTY HEIGHTS AVE Baltimore, MD",1.46,Fast Food
356804,PORT IN A STORM,(427) 888-4742,"4330 LOMBARD ST Baltimore, MD",3.83,Fine Dining
190816,PORT TRUCK STOP BAR RESTAURANT,(518) 349-4221,"1701 CLINTON ST Baltimore, MD",1.9,Fast Casual
959253,PORTERS PUB,(345) 911-7237,"1032 RIVERSIDE AVE Baltimore, MD",3.42,Fast Food
778631,REISTERSTOWN ROAD SUBWAY,(720) 791-9265,"5520 REISTERSTOWN ROAD Baltimore, MD",2.12,Fine Dining
151482,RENAISSANCE HARBORPLACE HOTEL,(424) 599-9833,"200 PRATT ST Baltimore, MD",3.48,Fast Casual
394543,RENAISSANCE HARBORPLACE HOTEL,(958) 764-9010,"200 202 E PRATT ST Baltimore, MD",3.94,Fast Casual
324898,RENAISSANCE HARBORPLACE HOTEL,(474) 574-6953,"200 202 E PRATT ST Baltimore, MD",0.59,Fast Food
589324,RENAISSANCE HARBORPLACE HOTEL,(510) 724-3023,"200 202 E PRATT ST Baltimore, MD",0.76,Fast Food
530775,RENDEZVOUS LOUNGE,(787) 940-2269,"136 25TH ST Baltimore, MD",3.2,Fast Food
620133,restaurante el trovador,(735) 924-2992,"318 broadway Baltimore, MD",0.45,Cafe or Bistro
887494,restaurate el salvador,(469) 748-5579,"207 broadway Baltimore, MD",3.34,Fast Food
112799,RICK'S BAR & GRILL,(880) 762-6678,"5014 CURTIS AVE Baltimore, MD",3.83,Cafe or Bistro
517366,RITA'S ITALIAN ICE,(582) 327-9752,"6796 REISTERSTOWN RD Baltimore, MD",2.6,Fast Food
314463,ROBBIE'S NEST,(811) 500-4091,"2250 NORTH AVE Baltimore, MD",2.73,Family Style
342631,ROBERT OLIVER SEAFOOD,(777) 587-0654,"1225 CATHEDRAL ST Baltimore, MD",4.2,Family Style
896414,ROCCO'S CAPRICCIO,(308) 720-1084,"242 HIGH ST Baltimore, MD",1.24,Fast Food
645891,"ROCK ""N"" ROBIN CAFE",(576) 659-4365,"3733 HANOVER ST Baltimore, MD",3.35,Cafe or Bistro
938921,ROCKET TO VENUS (3358-3360),(279) 665-4364,"3358 CHESTNUT AVE Baltimore, MD",1.03,Cafe or Bistro
324205,RODOS BAR,(266) 695-8556,"719 BROADWAY Baltimore, MD",0.86,Fast Food
185804,ROMAN'S PLACE,(261) 684-8192,"2 DECKER AVE Baltimore, MD",3.68,Fast Food
967189,ROOTS UNLIMITED,(469) 861-1735,"2148 VINE ST Baltimore, MD",1.61,Fast Casual
